freelancer_id,name,skill_level,rating
1,AjEdits26,Expert,5
2,HannahTucker64,Advanced,5
3,JeanLawson60,Intermediate,4
4,AddisonRivera57,Expert,3
5,JudyHansen54,Expert,2
6,JacobErickson39,Expert,2
7,StephanieEdwards75,Expert,3
8,AnthonyAdams59,Beginner,1
9,JustinStevens86,Expert,1
10,StevenKelly38,Advanced,1
11,KarenDoyle59,Expert,5
12,DominicWood86,Beginner,2
13,StellaGriffin11,Intermediate,5
14,WillieRoberts14,Intermediate,5
15,SamuelCurtis14,Advanced,2
16,JamesGreen21,Advanced,4
17,PhilipLittle60,Expert,5
18,HenryMendoza11,Beginner,1
19,AliceDoyle81,Advanced,3
20,JeanMurphy87,Intermediate,4
21,OwenHansen10,Advanced,2
22,CalebWells23,Beginner,5
23,BryanRoss24,Advanced,5
24,LawrenceBowen66,Expert,5
25,AddisonFloyd41,Advanced,4
26,ZoeyStone13,Expert,1
27,SeanMoore58,Intermediate,2
28,BeverlyHamilton55,Beginner,3
29,MarthaWood21,Expert,3
30,JoshuaVasquez32,Expert,3
31,NatalieStewart83,Advanced,2
32,MariaRuiz35,Intermediate,2
33,JacquelineEvans39,Intermediate,2
34,HarryFlores23,Beginner,1
35,AsherRyan10,Beginner,4
36,LoganFernandez50,Expert,5
37,EthanMcDonald33,Advanced,4
38,LaurenCarr83,Intermediate,1
39,AudreyBoyd64,Expert,5
40,ThomasKennedy54,Expert,2
41,EvanWalker99,Expert,3
42,RobertBrown96,Intermediate,4
43,StephanieMyers56,Advanced,2
44,ChristianMorgan44,Expert,5
45,DianaJenkins33,Expert,4
46,VictoriaKim99,Advanced,3
47,HarperDiaz67,Intermediate,5
48,ShirleyHansen97,Intermediate,1
49,JoeLindsey40,Expert,4
50,TylerNguyen29,Expert,1
51,PatrickKim73,Intermediate,5
52,BellaSaunders50,Expert,3
53,LawrenceCarr82,Beginner,4
54,RonaldCarlson30,Beginner,2
55,TerryMurray90,Beginner,4
56,DanielleGomez56,Advanced,5
57,FrancesMorales12,Expert,1
58,JaneWheeler87,Intermediate,5
59,RachelRamos46,Advanced,3
60,HazelOwens67,Beginner,4
61,WillieBryant90,Intermediate,2
62,LouisKim90,Expert,1
63,KennethAdams53,Intermediate,3
64,DylanHarmon47,Advanced,5
65,OliverWard66,Advanced,5
66,DominicHayes62,Intermediate,2
67,ElizabethAllen40,Advanced,1
68,VictoriaNelson60,Beginner,1
69,StevenMurray80,Beginner,1
70,AmeliaOlson20,Beginner,3
71,HelenPerez93,Expert,3
72,EvelynReed46,Expert,2
73,ShirleyOlson31,Beginner,1
74,HarryMyers70,Expert,5
75,GloriaHenry66,Intermediate,5
76,PatrickWeaver86,Expert,5
77,LincolnOlson91,Advanced,3
78,LandonFreeman39,Beginner,4
79,JudyJenkins62,Advanced,2
80,GraceWilliams10,Intermediate,3
81,WillieStevens78,Beginner,4
82,ConnorBennett11,Expert,3
83,ArthurNewton10,Advanced,2
84,SebastianCarr65,Expert,2
85,KatherineNunez92,Expert,4
86,HaroldKelly20,Expert,2
87,JordanSimmons88,Advanced,3
88,JackTerry44,Expert,2
89,DorothyCampbell27,Advanced,1
90,RileyFernandez67,Advanced,5
91,EllieCarter51,Beginner,2
92,BettyWashington12,Intermediate,1
93,JesseHoward26,Expert,1
94,OliviaWhite29,Beginner,4
95,ChristinaRoss63,Advanced,4
96,LoganBryant99,Beginner,3
97,CarolSparks28,Beginner,3
98,LucasJackson79,Expert,2
99,AlexanderSparks42,Expert,1
100,GarySchultz41,Expert,4
101,JeremyMckinney14,Intermediate,4
102,TimothyCastillo95,Intermediate,4
103,AvaLawson49,Advanced,2
104,LisaPierce80,Beginner,3
105,LandonDouglas48,Intermediate,3
106,AnthonyBradley37,Beginner,2
107,LincolnMyers11,Intermediate,3
108,KathleenSimmons41,Beginner,1
109,HannahCarlson86,Intermediate,3
110,AmandaReed30,Expert,1
111,BrittanyWatts90,Beginner,1
112,HarryWolfe29,Beginner,2
113,AubreyRogers50,Advanced,4
114,AlexanderGarcia98,Expert,3
115,JonathanBailey15,Expert,4
116,BryanFreeman99,Expert,2
117,CatherineBurns54,Advanced,4
118,EthanChambers86,Intermediate,1
119,BrooklynFlores67,Advanced,3
120,EmmaChavez10,Expert,2
121,BarbaraFernandez56,Intermediate,3
122,StevenRichmond78,Expert,2
123,EzraLawson73,Intermediate,5
124,JessePrice62,Advanced,1
125,DeborahCastillo94,Beginner,1
126,EricRivera14,Intermediate,1
127,HunterRoberts22,Beginner,5
128,AidenRichmond72,Advanced,1
129,EmmaMorris87,Beginner,1
130,AdamHarmon72,Beginner,4
131,AshleyOrtiz81,Expert,3
132,SandraMunoz88,Advanced,5
133,ChristopherJohnston19,Advanced,1
134,ZacharyMendoza22,Beginner,2
135,JackFisher34,Intermediate,5
136,MarthaCunningham90,Intermediate,5
137,JaydenErickson23,Advanced,4
138,AngelClark31,Intermediate,5
139,HarperWells53,Intermediate,5
140,HudsonSullivan50,Advanced,3
141,EmilySimmons91,Expert,3
142,MeganFrank79,Intermediate,4
143,TerryOrtiz67,Expert,4
144,JamesDoyle14,Advanced,5
145,WilliamMendoza27,Advanced,1
146,JuliaMorris37,Advanced,1
147,JeanVasquez75,Intermediate,1
148,KarenGibson55,Intermediate,2
149,JacquelineJenkins84,Intermediate,2
150,FrancesTerry48,Beginner,5
151,ElijahCunningham37,Beginner,3
152,AddisonHall72,Beginner,5
153,JuliaMartinez83,Expert,1
154,MarkFloyd52,Advanced,4
155,ElizabethWalker39,Beginner,4
156,MargaretJames77,Beginner,3
157,ScottMyers74,Intermediate,2
158,BettyCurtis60,Expert,5
159,CooperWhite38,Expert,3
160,MiaNguyen26,Advanced,1
161,HannahHarvey16,Expert,3
162,MichellePatterson74,Expert,2
163,AnnaMarshall81,Intermediate,4
164,OliverMccoy83,Intermediate,5
165,EzraReed41,Beginner,3
166,GraysonPrice97,Beginner,1
167,EmilyGonzales56,Advanced,2
168,EugeneMorales86,Beginner,3
169,SamuelPowell88,Expert,5
170,JustinGriffin15,Intermediate,2
171,AlexisFlores20,Beginner,1
172,KeithFernandez28,Advanced,1
173,DianaBowen24,Advanced,4
174,EleanorGarcia52,Intermediate,5
175,NathanEvans79,Advanced,5
176,AddisonHerrera28,Beginner,4
177,AudreyLopez42,Intermediate,1
178,AlicePhillips99,Advanced,1
179,LeoHarmon11,Beginner,4
180,JoePittman94,Advanced,1
181,BarbaraWatson93,Expert,2
182,MasonAlvarez22,Advanced,4
183,JackThompson33,Intermediate,5
184,EvanCarr12,Beginner,2
185,BrooklynJames52,Expert,4
186,FrankJones54,Advanced,3
187,JordanMorgan74,Advanced,1
188,FrancesHenderson13,Advanced,2
189,NicoleRoss60,Intermediate,1
190,IsabellaCastillo96,Intermediate,4
191,MeganHarvey29,Expert,3
192,AlanCole79,Intermediate,2
193,StephenDay79,Intermediate,2
194,RoyCarlson77,Intermediate,4
195,JustinHarmon82,Intermediate,3
196,PaulHudson78,Beginner,2
197,DylanBarker28,Beginner,3
198,EmilyHamilton48,Expert,3
199,NicoleRamos34,Beginner,2
200,DennisMiller88,Advanced,5
201,ArthurMills39,Intermediate,1
202,LoriLee98,Expert,2
203,ZoeIngram87,Expert,3
204,DennisHenderson72,Expert,2
205,KatherineRoberts38,Beginner,4
206,LindaWard62,Intermediate,2
207,DouglasTaylor32,Expert,5
208,AaronCarlson51,Expert,2
209,AngelJordan15,Expert,3
210,MiaMedina83,Beginner,5
211,SharonHayes68,Beginner,2
212,AuroraTucker60,Beginner,5
213,AidenMendoza90,Beginner,2
214,SaraGriffin60,Advanced,3
215,BraydenNelson64,Advanced,5
216,MargaretCarlson76,Intermediate,4
217,PenelopeWhite74,Beginner,2
218,AnnaColeman62,Advanced,4
219,RichardRivera68,Intermediate,4
220,GeorgeBailey51,Intermediate,1
221,GeorgeRobinson67,Advanced,1
222,EzraHodge59,Intermediate,4
223,MasonLopez31,Advanced,5
224,ScottAdams28,Intermediate,1
225,CarterJames49,Expert,3
226,JackWalker26,Intermediate,1
227,AndreaBrown68,Expert,4
228,JohnGarza73,Intermediate,2
229,HannahChavez62,Expert,1
230,PatriciaCooper80,Advanced,5
231,AdamGonzalez33,Intermediate,1
232,RandyMartinez28,Beginner,5
233,BruceLong21,Beginner,1
234,ElizabethRivera30,Advanced,5
235,PatrickChavez84,Advanced,1
236,MelissaSchultz48,Advanced,3
237,MasonLamb18,Expert,5
238,EmilyWatson70,Intermediate,1
239,EthanLong77,Expert,5
240,VictoriaFry36,Beginner,1
241,JaceThompson71,Advanced,4
242,DylanGomez77,Advanced,2
243,AdrianCastillo90,Expert,4
244,JackMedina39,Advanced,2
245,JamesWalker13,Expert,1
246,AdamBoyd88,Expert,4
247,NancyFoster54,Intermediate,1
248,JulieCarlson46,Advanced,1
249,JudyBennett74,Advanced,1
250,RyanOlsen52,Advanced,4
251,JosephGreer32,Intermediate,3
252,BrittanyCurtis71,Expert,1
253,AnnaMarshall29,Expert,5
254,DanielleBryant62,Beginner,5
255,JuliaFrank96,Advanced,5
256,BarbaraCollins83,Advanced,3
257,EmilyHill45,Beginner,3
258,PeterBush78,Intermediate,5
259,AvaMitchell86,Beginner,3
260,BeverlyHodge14,Advanced,4
261,BrianRuiz40,Advanced,4
262,JordanStewart77,Advanced,2
263,LauraPerry14,Intermediate,1
264,GraceWells13,Expert,5
265,BrandonCarter53,Expert,5
266,RoyObrien51,Intermediate,1
267,JordanWheeler26,Intermediate,1
268,ZoeyHenderson76,Beginner,1
269,RoseLopez97,Beginner,3
270,LilyLopez23,Advanced,1
271,RoseDouglas36,Advanced,2
272,AlexanderWood45,Advanced,4
273,JacobWard29,Intermediate,3
274,RyanBrown89,Beginner,2
275,JaneHenry50,Advanced,2
276,AliceHarvey41,Intermediate,1
277,RoseMedina53,Expert,1
278,EricDavis70,Beginner,1
279,LiamWilson21,Expert,4
280,CarolynWillis86,Expert,5
281,HarryReyes52,Intermediate,5
282,KennethBates69,Intermediate,1
283,LilyHarris68,Advanced,4
284,JulianRogers38,Intermediate,5
285,SeanJenkins60,Intermediate,3
286,WayneChavez72,Beginner,1
287,HannahLewis54,Expert,4
288,DebraRichardson54,Intermediate,5
289,EdwardJordan23,Advanced,5
290,AndrewGarner48,Expert,4
291,EmilyPeterson89,Intermediate,5
292,SamanthaMarshall59,Beginner,3
293,AdamNorris98,Expert,4
294,DianaBurns98,Intermediate,2
295,DonnaGibson83,Expert,1
296,NoraMyers81,Beginner,4
297,PatrickJames61,Beginner,5
298,SharonOlsen86,Expert,3
299,StellaWolfe94,Beginner,1
300,ChristinaLamb27,Beginner,2
301,ScottHayes78,Advanced,4
302,EliTurner36,Advanced,3
303,GraceWallace54,Beginner,5
304,RobertMedina75,Expert,2
305,BryanThomas57,Beginner,1
306,LoriLewis46,Beginner,2
307,ScarlettDuncan85,Expert,3
308,IsabellaJordan58,Expert,5
309,NathanPittman32,Expert,2
310,JerryHudson59,Advanced,4
311,BrandonWood95,Intermediate,2
312,JenniferJackson92,Beginner,2
313,AubreyRichmond65,Intermediate,1
314,StephenSharp63,Expert,5
315,EllaHerrera33,Expert,5
316,EllaVasquez67,Expert,3
317,JoanMitchell64,Beginner,5
318,NataliaIngram40,Advanced,4
319,EmmaRodriguez14,Expert,3
320,LauraDay71,Beginner,2
321,AudreyCarr45,Expert,5
322,KennethCastillo88,Beginner,2
323,EleanorFleming94,Beginner,5
324,RoseMedina16,Advanced,5
325,JenniferStevens68,Expert,5
326,MarilynKim55,Advanced,3
327,ChristineMartinez98,Advanced,5
328,HannahThomas90,Expert,5
329,SamuelHarvey16,Advanced,5
330,SusanWood72,Beginner,2
331,CooperMartin45,Advanced,2
332,KathrynCox42,Beginner,1
333,RachelWeaver29,Expert,3
334,RachelGomez99,Intermediate,4
335,JackBoyd77,Beginner,3
336,MichelleNguyen86,Intermediate,4
337,EmilyFloyd59,Intermediate,4
338,ChristineCollins83,Advanced,1
339,JacquelineBates24,Beginner,2
340,NoraPatterson70,Advanced,4
341,JackRogers58,Expert,4
342,ChristianNguyen77,Expert,1
343,TeresaBoyd67,Expert,3
344,BrooklynLawson15,Beginner,5
345,NatalieIngram65,Advanced,3
346,JoeHoward22,Advanced,5
347,LucasBryant96,Intermediate,5
348,HeatherCastillo53,Intermediate,3
349,JenniferCurtis11,Beginner,1
350,SebastianSanchez77,Beginner,4
351,JaneMorris46,Advanced,2
352,SarahMiller89,Beginner,1
353,ChristinaNichols91,Beginner,1
354,BrianRay26,Expert,5
355,DennisLewis99,Intermediate,3
356,BryanEllis94,Beginner,4
357,JeanSchultz64,Advanced,3
358,RaymondRamos19,Advanced,1
359,IsabellaHenderson52,Beginner,3
360,JacquelineRivera66,Beginner,4
361,HenryMedina60,Intermediate,4
362,SharonTorres79,Expert,2
363,JasonWest43,Beginner,1
364,KimberlyJackson83,Advanced,4
365,BarbaraRuiz29,Beginner,1
366,AvaHoward29,Advanced,4
367,MaryWoods72,Expert,4
368,OwenIngram18,Intermediate,1
369,LiamCarlson71,Beginner,5
370,LoriFoster97,Advanced,4
371,MarkFleming92,Beginner,3
372,BellaRoss20,Expert,3
373,JulieRivera80,Beginner,4
374,MariaBennett99,Expert,1
375,LoriOwens20,Expert,2
376,BrendaMartinez34,Beginner,5
377,RogerMcDonald59,Beginner,5
378,JudyRuiz78,Expert,1
379,CharlesSanders17,Advanced,1
380,EvelynWalker37,Expert,5
381,ScottGibson84,Intermediate,1
382,CharlesMckinney28,Expert,1
383,EleanorFernandez15,Intermediate,2
384,LindaHall90,Beginner,3
385,DeborahChavez88,Intermediate,5
386,StevenLamb23,Beginner,4
387,HaroldTaylor35,Expert,3
388,HarperMyers25,Intermediate,3
389,KellySimmons15,Intermediate,3
390,StevenWalker45,Intermediate,4
391,SamuelFry57,Intermediate,4
392,KeithDay15,Intermediate,1
393,PeterRamos30,Beginner,4
394,CarolJohnson10,Intermediate,1
395,AliceGraham98,Expert,2
396,JoyceTorres91,Advanced,5
397,JaxonHamilton40,Intermediate,5
398,KarenMills33,Expert,5
399,AmandaBush48,Advanced,4
400,JohnHudson40,Intermediate,1
401,BrooklynHarris89,Advanced,5
402,LeahMorris69,Intermediate,3
403,MargaretRoberts24,Intermediate,4
404,AdrianRivera30,Beginner,1
405,BobbyRichardson36,Expert,3
406,DanielleRyan68,Beginner,1
407,AnthonyTucker32,Intermediate,1
408,HunterWoods24,Beginner,2
409,GraceWeaver84,Advanced,4
410,DianeErickson96,Advanced,2
411,JeffreyMyers39,Beginner,2
412,EmilyPhillips58,Intermediate,1
413,EleanorLane72,Beginner,4
414,JustinStewart88,Expert,2
415,AidenPerry27,Expert,2
416,LoriWard35,Advanced,2
417,ThomasBowen82,Beginner,3
418,AnnaLewis69,Expert,4
419,DebraWatts53,Intermediate,3
420,FrankGarner91,Intermediate,5
421,EvelynThompson62,Expert,2
422,NolanBarker69,Advanced,1
423,MadisonMckinney41,Intermediate,3
424,LincolnDay38,Intermediate,5
425,JohnGraham15,Beginner,4
426,CooperRodriguez64,Expert,4
427,RonaldHayes73,Intermediate,1
428,MichaelBowen62,Intermediate,2
429,LoriBrooks40,Beginner,1
430,LillianLittle49,Intermediate,4
431,RichardChavez69,Intermediate,4
432,DennisGarner57,Expert,1
433,AndrewFisher98,Advanced,5
434,ThomasBrooks64,Advanced,5
435,AdamMoody97,Beginner,5
436,DanielleMckinney17,Advanced,1
437,JeffreyFisher56,Expert,5
438,ChristopherJenkins56,Intermediate,5
439,PaulCarr36,Intermediate,3
440,RogerFreeman24,Expert,5
441,VictoriaCarr38,Advanced,3
442,AlbertKennedy97,Expert,3
443,MargaretTaylor57,Advanced,4
444,HunterKennedy77,Beginner,4
445,JackWheeler78,Advanced,4
446,JohnnyBoyd96,Beginner,2
447,EvanThompson20,Expert,2
448,TeresaMartin23,Intermediate,3
449,LauraFry28,Expert,2
450,DouglasCastillo90,Beginner,3
451,ElizabethLawson79,Intermediate,4
452,AbigailKim66,Beginner,3
453,JerryTaylor12,Intermediate,5
454,DanielleHamilton84,Advanced,3
455,HunterWeaver95,Expert,4
456,GraceCunningham26,Advanced,2
457,HannahCook71,Advanced,3
458,MatthewNguyen55,Advanced,4
459,ChristineFernandez30,Advanced,2
460,RachelBarker98,Intermediate,2
461,JudithRobinson15,Advanced,5
462,NicholasGriffin43,Advanced,2
463,JoyceCarr14,Advanced,3
464,EmmaPerry67,Intermediate,5
465,JordanYoung13,Expert,4
466,JustinGibson50,Intermediate,1
467,LeahLong92,Advanced,4
468,BillyBates83,Intermediate,5
469,HudsonSanders98,Beginner,4
470,ChristopherScott96,Beginner,3
471,RichardPatterson89,Intermediate,4
472,HarryWhite51,Beginner,5
473,HeatherLane77,Intermediate,3
474,TylerGarcia20,Expert,1
475,HarrisonColeman34,Expert,3
476,HazelAnderson95,Advanced,4
477,EmmaNunez64,Advanced,4
478,LoganBrown46,Advanced,3
479,JudyCole81,Beginner,2
480,GraceGibson63,Expert,3
481,KatherineMorton64,Expert,2
482,BrianTorres36,Advanced,4
483,EzraFoster18,Expert,1
484,PatriciaReynolds91,Advanced,4
485,RachelHudson69,Intermediate,2
486,CatherineGreer58,Advanced,5
487,EllieHernandez48,Advanced,4
488,NoraMurphy13,Beginner,2
489,ChristianBennett91,Expert,1
490,TeresaGraham32,Expert,2
491,JosephWalker45,Expert,1
492,TiffanyDay71,Expert,3
493,HannahBowen25,Advanced,5
494,WilliamIngram43,Intermediate,5
495,SandraNguyen50,Expert,2
496,HarryAdams16,Advanced,3
497,CarterYates55,Beginner,3
498,SaraWebb91,Beginner,5
499,HeatherSchultz90,Intermediate,1
500,ChristineBurns51,Advanced,3
501,JoeOlsen99,Advanced,1
502,BellaDay55,Intermediate,1
503,StephenMendoza46,Advanced,4
504,SebastianRoss30,Beginner,2
505,HelenKennedy38,Intermediate,5
506,AudreyIngram78,Beginner,4
507,ZoeyMartin24,Intermediate,1
508,LillianPowell49,Advanced,2
509,HudsonMills76,Advanced,2
510,GraceDavis25,Intermediate,2
511,LarryCarlson39,Advanced,2
512,VictoriaKing20,Expert,1
513,DonnaJones71,Expert,1
514,TylerRamirez14,Beginner,4
515,JacobBailey15,Beginner,3
516,JenniferBates22,Beginner,5
517,JoyceStone35,Intermediate,3
518,JosephWhite28,Advanced,5
519,RandySullivan30,Intermediate,5
520,PaulSanchez84,Beginner,5
521,ChristinaNunez34,Advanced,2
522,JohnDoyle22,Intermediate,5
523,HannahJenkins99,Intermediate,4
524,JasonCampbell55,Expert,4
525,KellyWoods39,Expert,1
526,NoahYoung69,Beginner,5
527,AnnaHarrison56,Advanced,5
528,ChristopherPerez51,Expert,1
529,CharlotteRichardson68,Advanced,4
530,JoanVasquez62,Advanced,4
531,JerryMoore70,Advanced,2
532,MichaelCurtis72,Beginner,4
533,IsaiahCastillo94,Beginner,1
534,PamelaSimmons61,Beginner,2
535,EmilyJenkins35,Advanced,2
536,OwenYoung39,Expert,4
537,AustinSimmons84,Advanced,4
538,HarryMurray95,Expert,4
539,HazelDiaz28,Expert,1
540,GaryBailey72,Expert,2
541,JonathanDavis22,Beginner,1
542,NataliaWheeler13,Intermediate,4
543,MadisonFlores48,Beginner,1
544,DominicSchultz73,Expert,2
545,BryanPittman73,Expert,5
546,HannahFreeman53,Beginner,1
547,GraysonWalker59,Expert,3
548,PeterWest68,Beginner,1
549,PatrickHudson94,Advanced,2
550,EllieRamos27,Advanced,4
551,AubreySimmons24,Expert,5
552,JulianMurray81,Intermediate,5
553,MarkColeman43,Expert,5
554,SophiaRyan96,Advanced,3
555,EugeneThomas13,Beginner,2
556,EmmaPowell84,Beginner,3
557,MasonHarris64,Advanced,3
558,SebastianPowell17,Intermediate,2
559,GeraldWolfe49,Beginner,1
560,RalphRobinson53,Intermediate,1
561,WayneMartinez68,Expert,5
562,VioletKim44,Beginner,4
563,ElizabethHughes58,Expert,3
564,RonaldMorton72,Beginner,2
565,LouisRuiz74,Advanced,2
566,JuliaJenkins65,Intermediate,4
567,JoshuaSparks78,Intermediate,3
568,JacquelineGonzalez48,Expert,2
569,MelissaNunez84,Beginner,5
570,LouisWard18,Expert,4
571,VictoriaMorales19,Advanced,5
572,JuliaRamos94,Advanced,2
573,JaydenPatterson42,Expert,5
574,JackJones90,Intermediate,5
575,NataliaEdwards94,Expert,3
576,JackTerry88,Expert,5
577,DonaldCastillo35,Advanced,4
578,EmmaPeterson29,Advanced,4
579,SebastianHughes18,Intermediate,4
580,AlbertMunoz46,Intermediate,3
581,GeraldJordan40,Beginner,2
582,AlexanderDavis41,Advanced,4
583,HunterCarr65,Expert,1
584,JulieGreen44,Intermediate,1
585,SeanGarner45,Intermediate,1
586,HunterBaldwin12,Beginner,1
587,NoahRay48,Beginner,4
588,BobbyLittle94,Beginner,4
589,BrendaMorgan24,Beginner,5
590,EzraBailey73,Beginner,2
591,GaryFloyd50,Advanced,5
592,AvaMorton40,Expert,2
593,PamelaRamirez32,Intermediate,3
594,AriaReynolds42,Beginner,4
595,BellaPerry99,Beginner,3
596,DylanMurray97,Intermediate,3
597,JustinOrtiz70,Advanced,3
598,DavidWolfe87,Beginner,1
599,RogerBailey80,Expert,3
600,TiffanyTerry97,Beginner,5
601,JudithWest59,Beginner,4
602,TerryGray21,Intermediate,3
603,VictoriaAdams66,Advanced,4
604,SarahCox20,Expert,4
605,EmilySparks52,Expert,1
606,RaymondFry43,Beginner,3
607,SofiaRay80,Advanced,4
608,JosephSimmons16,Intermediate,4
609,AnnaSmith61,Intermediate,3
610,NoahHansen20,Beginner,2
611,MarthaMendoza93,Intermediate,5
612,SebastianGarner50,Expert,4
613,JonathanGomez32,Advanced,3
614,DianePerez63,Advanced,2
615,MiaButler83,Intermediate,1
616,ElizabethHudson92,Intermediate,1
617,BraydenTurner43,Intermediate,1
618,HarperFernandez64,Advanced,2
619,AmandaGutierrez31,Beginner,1
620,AudreyWallace68,Expert,1
621,KyleHolloway36,Intermediate,3
622,TeresaErickson73,Expert,2
623,GraysonEvans86,Intermediate,3
624,JerryKim33,Expert,2
625,JosephWatson43,Intermediate,5
626,JaxonReed57,Expert,1
627,JenniferStevens27,Advanced,4
628,NathanHolloway59,Expert,5
629,FrancesJackson22,Beginner,1
630,JuanMorgan70,Advanced,5
631,NancyJohnson42,Expert,3
632,OliverLittle57,Intermediate,5
633,LisaDay32,Advanced,2
634,ZoeHarrison53,Expert,2
635,AmandaHughes77,Expert,2
636,HannahRobinson50,Beginner,2
637,NataliaGreer45,Advanced,4
638,JesseKelly88,Advanced,5
639,NoahWallace31,Advanced,4
640,NicoleHudson94,Expert,1
641,JerryHill16,Intermediate,2
642,CharlesStevens43,Intermediate,4
643,VictoriaRobinson73,Beginner,4
644,HarryHodge81,Expert,4
645,AsherLewis28,Beginner,3
646,MelissaEvans46,Intermediate,2
647,EastonMunoz44,Intermediate,5
648,JohnOlson83,Intermediate,4
649,DonnaReed73,Beginner,3
650,SusanRichardson97,Beginner,4
651,AlexisWeaver23,Advanced,2
652,JosephLee68,Expert,4
653,AnnMills94,Beginner,3
654,DanielHarmon89,Expert,3
655,EricEdwards16,Advanced,3
656,MarkPierce19,Expert,1
657,ElijahBell32,Intermediate,4
658,AmandaGarcia36,Intermediate,4
659,OwenRichardson92,Intermediate,1
660,BruceMcDonald65,Advanced,5
661,ShirleyRussell95,Beginner,3
662,HarrisonPhillips72,Expert,4
663,HannahHoward82,Expert,1
664,DylanTerry57,Intermediate,4
665,AngelWhite15,Advanced,4
666,KyleWolfe97,Intermediate,4
667,AudreyFleming92,Beginner,3
668,LilyWallace20,Expert,3
669,ScottAllen97,Advanced,2
670,SavannahAlexander47,Beginner,5
671,DonnaLopez75,Beginner,5
672,EllaHamilton22,Expert,5
673,AndreaSullivan42,Beginner,5
674,WilliamRobinson94,Expert,2
675,JanetSparks60,Beginner,1
676,ElizabethWillis48,Advanced,5
677,XavierBates95,Expert,5
678,JacquelineRoss33,Intermediate,2
679,KennethErickson87,Advanced,1
680,LincolnWashington12,Beginner,4
681,CynthiaBrown31,Expert,4
682,EvelynRichmond87,Expert,3
683,VincentCarlson96,Expert,3
684,BrianAllen27,Beginner,2
685,LauraNorris12,Intermediate,1
686,VictoriaMarshall93,Intermediate,2
687,VictoriaSparks90,Intermediate,1
688,JordanFloyd69,Intermediate,4
689,DylanGarcia24,Intermediate,2
690,GraceOwens70,Beginner,4
691,KeithPhillips47,Expert,1
692,JuanWilliams23,Expert,4
693,StellaMckinney84,Advanced,1
694,AubreyPatterson72,Expert,2
695,AshleyWebb12,Expert,5
696,BeverlyVasquez18,Advanced,4
697,NolanRobinson73,Advanced,4
698,VictoriaGarcia30,Advanced,2
699,JulianMorales66,Intermediate,5
700,HaroldStone97,Advanced,5
701,LilyKing47,Expert,4
702,VincentNewton70,Intermediate,5
703,AdamRichardson98,Beginner,4
704,EricHall35,Intermediate,5
705,EllieSanchez63,Expert,3
706,GeraldCollins81,Beginner,1
707,LoriGomez55,Intermediate,2
708,ZoeRodriguez18,Advanced,4
709,RyanFernandez39,Beginner,5
710,KyleOwens43,Advanced,3
711,NancyFloyd81,Advanced,2
712,VioletRay95,Beginner,1
713,IsaiahBoyd68,Beginner,1
714,EdwardMunoz81,Beginner,5
715,RebeccaNelson90,Beginner,2
716,TiffanyGreen47,Expert,5
717,NataliaJohnston22,Intermediate,3
718,DanielleLamb27,Beginner,2
719,IsaiahGraham10,Intermediate,4
720,RussellWood74,Intermediate,1
721,AlbertPerry63,Advanced,2
722,NicoleCarr77,Expert,2
723,StephenLindsey64,Expert,4
724,EvanMendoza97,Advanced,1
725,HudsonNguyen11,Beginner,1
726,BrittanyCruz61,Intermediate,4
727,AshleyColeman14,Intermediate,5
728,SandraFleming94,Advanced,4
729,HarperLawson99,Advanced,3
730,GabrielWilliams45,Intermediate,4
731,EliSharp36,Expert,3
732,EvelynObrien35,Advanced,1
733,CharlesTucker52,Expert,2
734,DominicFreeman46,Intermediate,1
735,HazelVasquez49,Advanced,2
736,ElizabethDavis79,Advanced,2
737,GraceDoyle64,Beginner,1
738,LoganGomez90,Advanced,1
739,MatthewBates93,Beginner,4
740,BruceHarvey10,Expert,3
741,GeraldMorton84,Intermediate,3
742,JuliaRichardson95,Intermediate,4
743,DominicMckinney41,Beginner,3
744,JordanLane34,Advanced,4
745,RonaldNguyen64,Expert,1
746,MelissaThomas64,Intermediate,4
747,KellyCole19,Advanced,5
748,OwenStone81,Expert,3
749,NataliaYates64,Expert,4
750,ElizabethMunoz30,Intermediate,5
751,AngelaOwens68,Intermediate,5
752,JaceWalker98,Intermediate,4
753,NolanRodriguez30,Advanced,1
754,AbigailLewis25,Advanced,5
755,BillyHernandez76,Intermediate,1
756,LoganJames57,Advanced,3
757,HunterDavis28,Intermediate,5
758,SofiaGonzalez49,Advanced,2
759,JanetLamb72,Beginner,1
760,RandyMoore15,Expert,4
761,RoyFrank67,Advanced,4
762,HannahGreer87,Intermediate,2
763,CooperYates68,Expert,4
764,ScottSherman51,Beginner,5
765,AbigailHenderson39,Expert,3
766,NancyLittle66,Advanced,1
767,GregoryHodge13,Advanced,5
768,AmySharp81,Beginner,2
769,MargaretCunningham76,Intermediate,4
770,ZoeJones25,Intermediate,1
771,EthanMoody36,Intermediate,5
772,GracePerez78,Advanced,4
773,NancyMcDonald12,Advanced,4
774,JackGraham13,Advanced,4
775,FrancesWhite24,Beginner,5
776,SamuelWood28,Intermediate,3
777,AmandaFlores49,Expert,2
778,DonaldRyan51,Intermediate,1
779,SandraBennett59,Beginner,3
780,LarryHamilton51,Advanced,4
781,KathleenWilson35,Intermediate,5
782,JudithHarrison75,Expert,1
783,AnnThomas50,Expert,5
784,CalebTaylor71,Beginner,4
785,OliviaJones44,Beginner,2
786,NicholasGray82,Expert,4
787,KevinIngram91,Intermediate,2
788,AlexisFreeman31,Intermediate,5
789,DylanHudson67,Beginner,1
790,NoraChambers89,Advanced,2
791,JamesThomas71,Advanced,5
792,LawrenceBarker97,Expert,3
793,NathanLane75,Advanced,1
794,RaymondGibson78,Beginner,3
795,AmandaSimmons99,Beginner,2
796,KathrynRamos36,Advanced,3
797,HannahCarr67,Advanced,2
798,EugeneRoss36,Expert,5
799,AlanJones98,Intermediate,1
800,HannahJohnson11,Intermediate,4
801,AaronSimmons60,Beginner,1
802,JessicaGreer95,Expert,1
803,PhilipNorris58,Advanced,4
804,PatrickBarker99,Beginner,1
805,BraydenGutierrez34,Expert,1
806,LaurenPierce12,Advanced,3
807,AlexanderWhite88,Advanced,2
808,OliviaHarrison56,Beginner,3
809,AsherWillis87,Intermediate,1
810,TylerMunoz91,Expert,1
811,AustinCunningham74,Expert,2
812,HeatherRichmond82,Intermediate,1
813,AngelaPierce18,Intermediate,3
814,CarlCastillo45,Intermediate,1
815,JackRyan42,Expert,1
816,AngelSharp96,Beginner,3
817,ScarlettIngram62,Advanced,1
818,AuroraEllis73,Advanced,5
819,DanielSaunders38,Beginner,3
820,SofiaWashington67,Advanced,1
821,LucasRoberts52,Beginner,5
822,RichardMckinney38,Expert,1
823,MarthaTurner31,Advanced,3
824,StevenBush90,Beginner,1
825,LillianRamos13,Advanced,3
826,JeremyRamirez70,Intermediate,3
827,MargaretMunoz52,Intermediate,1
828,IsaiahSimmons22,Expert,5
829,AmyPerez17,Beginner,4
830,NoahAlexander98,Beginner,2
831,AshleyLindsey66,Beginner,3
832,ScarlettTaylor23,Beginner,5
833,AnthonyBrooks58,Expert,1
834,SebastianRogers86,Beginner,4
835,LiamBryant64,Beginner,3
836,SusanChavez76,Advanced,5
837,AlexanderRamirez23,Beginner,5
838,PaulWeaver34,Intermediate,5
839,FrancesSullivan63,Expert,5
840,GraceMitchell41,Intermediate,1
841,DonaldAllen49,Expert,5
842,LoriReyes84,Intermediate,2
843,JulianReyes87,Advanced,3
844,JohnnyWilliams76,Intermediate,1
845,JudithWells81,Beginner,4
846,GabrielTurner35,Intermediate,1
847,RussellCarter95,Expert,4
848,MarilynDay82,Advanced,5
849,JuliaKim52,Intermediate,1
850,XavierGarner15,Expert,2
851,MaryDouglas38,Intermediate,4
852,KellyPeterson71,Advanced,4
853,JoycePatterson33,Beginner,3
854,JenniferJackson55,Beginner,5
855,RyanTorres47,Expert,2
856,VincentLopez13,Intermediate,2
857,AliceHall38,Advanced,2
858,BrittanyIngram80,Intermediate,2
859,TylerGarcia32,Advanced,1
860,DavidChambers96,Intermediate,4
861,JeffreySanders36,Advanced,4
862,RogerGutierrez57,Intermediate,5
863,LincolnHolloway18,Beginner,2
864,EricNewton34,Intermediate,5
865,SophiaBowen57,Advanced,5
866,MadisonYates41,Beginner,5
867,JerryTucker47,Intermediate,3
868,JeremyWilson90,Advanced,2
869,EastonLane72,Intermediate,1
870,JulianGarner94,Beginner,2
871,EastonHenderson92,Advanced,4
872,AuroraBryant32,Advanced,3
873,AudreyBowen71,Expert,4
874,AnnDay61,Beginner,2
875,HaroldPhillips67,Intermediate,4
876,ChristinaJames64,Expert,5
877,FrankSparks57,Advanced,5
878,MichelleWright20,Advanced,4
879,AuroraSullivan39,Beginner,4
880,HarrisonHerrera53,Expert,4
881,LilyRamos62,Advanced,4
882,DylanWard58,Beginner,2
883,HudsonRogers43,Beginner,3
884,KevinBrooks74,Beginner,3
885,CarlSanchez25,Beginner,3
886,KarenBurns35,Advanced,2
887,AlanBailey48,Advanced,2
888,StephenCarr79,Advanced,1
889,JuliaRichardson54,Expert,4
890,MichaelStevens93,Intermediate,4
891,CarlCook36,Expert,2
892,JordanStone80,Expert,4
893,RussellGarner20,Advanced,2
894,MadisonFloyd99,Expert,2
895,IsaiahHayes81,Beginner,3
896,BrendaHansen26,Advanced,1
897,NataliaTerry94,Advanced,3
898,JoanKim64,Expert,5
899,JuliaMyers85,Beginner,5
900,ThomasScott29,Advanced,5
901,LucasBarnes36,Expert,1
902,BellaFisher34,Expert,1
903,AlanCunningham67,Advanced,1
904,DebraClark96,Intermediate,1
905,AaronMiller33,Intermediate,1
906,CharlotteRichardson36,Intermediate,3
907,EzraMoore68,Beginner,3
908,AuroraWilliams31,Advanced,4
909,LucasGreen24,Intermediate,5
910,CarterFord18,Expert,2
911,EricEvans49,Expert,4
912,SamanthaRay83,Advanced,5
913,JulieKennedy97,Expert,3
914,JulieJohnson28,Expert,1
915,ElijahRay41,Advanced,5
916,EllieGibson69,Beginner,1
917,TeresaWolfe68,Advanced,3
918,LucasMedina32,Expert,2
919,CarolynFernandez65,Expert,4
920,JanetFry82,Beginner,4
921,DanielPeterson30,Advanced,5
922,SaraBradley18,Intermediate,4
923,SebastianSimmons80,Beginner,3
924,DonnaBates23,Advanced,4
925,JaxonNelson42,Intermediate,5
926,DanielBryant13,Beginner,4
927,IsabellaRoss61,Intermediate,4
928,KarenWilliams42,Beginner,2
929,MadisonLittle69,Expert,4
930,PaulPerez80,Intermediate,4
931,BrendaStevens45,Intermediate,2
932,BarbaraGarza22,Intermediate,3
933,AmyWashington60,Intermediate,1
934,JenniferWheeler44,Intermediate,4
935,LoriRivera37,Beginner,5
936,ZacharyWest99,Beginner,5
937,EdwardHenderson98,Advanced,4
938,AnthonyNichols10,Beginner,4
939,JulieReed57,Intermediate,2
940,GeorgeJones63,Beginner,1
941,LouisMunoz34,Beginner,2
942,DeborahBoyd95,Intermediate,2
943,DanielGraham75,Beginner,3
944,AmberCarr90,Intermediate,5
945,AdamFreeman60,Expert,1
946,ArthurEdwards23,Advanced,3
947,BenjaminBrown61,Advanced,1
948,AvaEdwards68,Intermediate,1
949,AustinMccoy89,Advanced,1
950,PaulStewart62,Advanced,5
951,NataliaClark78,Intermediate,3
952,TimothyNichols51,Expert,2
953,JuanHall91,Advanced,4
954,PaulFoster12,Expert,4
955,HazelDouglas39,Beginner,2
956,DavidRyan25,Advanced,2
957,MadisonBates41,Beginner,1
958,StephenPerry73,Advanced,2
959,NicoleButler36,Beginner,2
960,GraceGibson52,Intermediate,3
961,DylanSharp15,Expert,3
962,RichardCook52,Advanced,2
963,JoyceFreeman16,Intermediate,2
964,IsabellaCastillo51,Intermediate,4
965,PatriciaTaylor72,Beginner,2
966,AnthonyYates28,Intermediate,2
967,GeorgeHall85,Intermediate,2
968,LeahLee64,Expert,3
969,GregorySaunders35,Intermediate,4
970,PatrickGarza41,Advanced,3
971,ChloeYates35,Advanced,4
972,KennethOrtiz60,Expert,2
973,EleanorGriffin64,Expert,2
974,LandonGarcia58,Expert,1
975,JuliaMills78,Intermediate,5
976,RachelBell58,Expert,3
977,XavierRichardson58,Expert,1
978,JuanWright70,Intermediate,2
979,MariaJohnson11,Advanced,4
980,EvelynGraham60,Advanced,4
981,AaronJames92,Beginner,4
982,KarenYoung59,Intermediate,2
983,VictoriaBell54,Expert,3
984,SandraMccoy59,Expert,2
985,KeithFord14,Advanced,1
986,EmmaGomez87,Expert,2
987,TerryReed87,Intermediate,1
988,CynthiaFloyd21,Expert,4
989,CarolMendoza34,Expert,2
990,AngelBailey98,Advanced,5
991,JackRichmond58,Advanced,4
992,AmandaRamirez91,Advanced,2
993,AnnErickson36,Expert,3
994,PatriciaBaker72,Beginner,1
995,DorothyObrien99,Expert,5
996,ElizabethHarmon46,Expert,2
997,PatrickPerry33,Intermediate,2
998,AubreyCampbell74,Beginner,4
999,NathanMitchell35,Beginner,2
1000,AlexanderGomez62,Expert,5
