review_id,order_id,rating,comment
1,1,3,"Outstanding quality, 5 stars all the way."
2,2,4,Will definitely order again!
3,3,5,The subtitles were accurate and well-timed.
4,4,5,"Outstanding quality, 5 stars all the way."
5,5,5,Best editor on Fiverr hands down.
6,6,4,My audience loved the video!
7,7,5,Flawless editing from start to finish.
8,8,4,Delivered exactly what was promised.
9,9,4,Perfect sync with the music!
10,10,4,The color grading was absolutely stunning.
11,11,4,Fast turnaround and great communication.
12,12,5,Very creative and original editing style.
13,13,5,"Great edits, very clean work!"
14,14,4,"Very smooth transitions, loved the final product."
15,15,5,Professional delivery and stunning results.
16,16,4,Best editor on Fiverr hands down.
17,17,5,My clients were blown away by the quality.
18,18,5,Great job on the pacing and storytelling.
19,19,5,My audience loved the video!
20,20,4,Fast turnaround and great communication.
21,21,2,Fast turnaround and great communication.
22,22,1,"Top-notch editing skills, highly recommend."
23,23,4,Amazing quality and fast delivery!
24,24,1,"Highly skilled editor, would hire again immediately."
25,25,5,Will recommend to all my friends.
26,26,5,Fast turnaround and great communication.
27,27,2,"Great edits, very clean work!"
28,28,5,My engagement doubled after posting the video.
29,29,5,The color grade transformed the footage.
30,30,5,The effects were smooth and not overdone.
31,31,5,"Outstanding quality, 5 stars all the way."
32,32,3,The color grade transformed the footage.
33,33,3,Great value for the price paid.
34,34,4,"Outstanding quality, 5 stars all the way."
35,35,5,Great value for the price paid.
36,36,3,The music selection was perfect.
37,37,4,The color grade transformed the footage.
38,38,4,My YouTube views went up after this edit!
39,39,5,Flawless editing from start to finish.
40,40,5,Great attention to detail in every frame.
41,41,5,Exceeded my expectations completely.
42,42,5,The captions were perfectly placed.
43,43,5,"Outstanding results, highly satisfied."
44,44,5,The color grade transformed the footage.
45,45,5,"Delivered before the deadline, amazing work!"
46,46,4,Very creative approach to the project.
47,47,5,Great attention to detail in every frame.
48,48,4,The effects were smooth and not overdone.
49,49,5,Perfect gaming montage!
50,50,1,The music selection was perfect.
51,51,5,"Great edits, very clean work!"
52,52,5,"Outstanding results, highly satisfied."
53,53,5,Best editor on Fiverr hands down.
54,54,1,The captions were perfectly placed.
55,55,5,Very professional and easy to work with.
56,56,5,Delivered exactly what was promised.
57,57,5,Clean and creative editing style.
58,58,1,"Highly skilled editor, would hire again immediately."
59,59,2,Communication was excellent throughout.
60,60,5,Very creative and original editing style.
61,61,4,The captions were perfectly placed.
62,62,3,Amazing quality and fast delivery!
63,63,5,Loved the energy of the montage.
64,64,5,Absolutely professional from start to finish.
65,65,5,Great job on the pacing and storytelling.
66,66,3,"Top-notch editing skills, highly recommend."
67,67,5,Amazing quality and fast delivery!
68,68,5,Really understood the brand vision perfectly.
69,69,4,Loved the energy of the montage.
70,70,5,Great attention to detail in every frame.
71,71,4,Very satisfied with the final output.
72,72,5,Super clean intro and outro animations.
73,73,5,"The reel went viral, thank you!"
74,74,5,"Outstanding results, highly satisfied."
75,75,4,Very creative approach to the project.
76,76,5,Great value for the price paid.
77,77,5,"Outstanding quality, 5 stars all the way."
78,78,5,Professional delivery and stunning results.
79,79,5,Loved the energy of the montage.
80,80,4,The subtitles were accurate and well-timed.
81,81,5,Amazing quality and fast delivery!
82,82,5,Really understood the brand vision perfectly.
83,83,5,The color grade transformed the footage.
84,84,5,My engagement doubled after posting the video.
85,85,5,"The audio sync was perfect, very impressive."
86,86,5,The effects were smooth and not overdone.
87,87,5,Beautiful cinematic feel to the video.
88,88,5,Super professional and responsive.
89,89,4,"The reel went viral, thank you!"
90,90,5,Communication was excellent throughout.
91,91,4,Will recommend to all my friends.
92,92,5,Professional delivery and stunning results.
93,93,5,"Outstanding quality, 5 stars all the way."
94,94,2,The subtitles were accurate and well-timed.
95,95,4,"Great edits, very clean work!"
96,96,5,"Exactly what I asked for, very detailed work."
97,97,5,"Highly skilled editor, would hire again immediately."
98,98,5,Quick revisions and very accommodating.
99,99,5,My engagement doubled after posting the video.
100,100,5,The color grade transformed the footage.
101,101,5,Best editor on Fiverr hands down.
102,102,4,Absolutely professional from start to finish.
103,103,5,The color grade transformed the footage.
104,104,5,"Outstanding results, highly satisfied."
105,105,5,Professional delivery and stunning results.
106,106,4,"Exactly what I asked for, very detailed work."
107,107,5,Will recommend to all my friends.
108,108,4,My clients were blown away by the quality.
109,109,4,Fast turnaround and great communication.
110,110,5,Will recommend to all my friends.
111,111,4,Will definitely order again!
112,112,5,"Exactly what I asked for, very detailed work."
113,113,5,"Outstanding quality, 5 stars all the way."
114,114,5,Super professional and responsive.
115,115,3,The effects were smooth and not overdone.
116,116,5,Flawless editing from start to finish.
117,117,5,The captions were perfectly placed.
118,118,3,Great job on the pacing and storytelling.
119,119,5,"Exactly what I asked for, very detailed work."
120,120,5,Best editor on Fiverr hands down.
121,121,4,The subtitles were accurate and well-timed.
122,122,5,Clean and creative editing style.
123,123,5,Super professional and responsive.
124,124,5,Great job on the pacing and storytelling.
125,125,5,Very patient and understood my vision.
126,126,5,"The reel went viral, thank you!"
127,127,4,"Exactly what I asked for, very detailed work."
128,128,3,The color grade transformed the footage.
129,129,4,Great value for the price paid.
130,130,4,Perfect gaming montage!
131,131,4,My clients were blown away by the quality.
132,132,3,Professional delivery and stunning results.
133,133,3,"The reel went viral, thank you!"
134,134,5,Amazing quality and fast delivery!
135,135,5,"Great edits, very clean work!"
136,136,5,Exceeded my expectations completely.
137,137,3,Loved the energy of the montage.
138,138,4,Great job on the pacing and storytelling.
139,139,5,Very creative approach to the project.
140,140,4,Exceeded my expectations completely.
141,141,5,My audience loved the video!
142,142,5,The captions were perfectly placed.
143,143,5,"The audio sync was perfect, very impressive."
144,144,5,My clients were blown away by the quality.
145,145,4,The color grade transformed the footage.
146,146,5,The music selection was perfect.
147,147,5,The captions were perfectly placed.
148,148,1,Will definitely order again!
149,149,5,Flawless editing from start to finish.
150,150,5,Super clean intro and outro animations.
151,151,4,"Highly skilled editor, would hire again immediately."
152,152,4,Delivered exactly what was promised.
153,153,4,"Exactly what I asked for, very detailed work."
154,154,5,Super professional and responsive.
155,155,4,Really understood the brand vision perfectly.
156,156,5,"The reel went viral, thank you!"
157,157,1,Super professional and responsive.
158,158,3,Quick revisions and very accommodating.
159,159,5,Flawless editing from start to finish.
160,160,5,Exceeded my expectations completely.
161,161,3,Professional delivery and stunning results.
162,162,4,Amazing quality and fast delivery!
163,163,5,Will recommend to all my friends.
164,164,5,The color grading was absolutely stunning.
165,165,5,Very creative and original editing style.
166,166,3,Best editor on Fiverr hands down.
167,167,5,Very professional and easy to work with.
168,168,5,Very professional and easy to work with.
169,169,4,Delivered exactly what was promised.
170,170,3,Professional delivery and stunning results.
171,171,3,Perfect gaming montage!
172,172,2,Super professional and responsive.
173,173,5,Great attention to detail in every frame.
174,174,4,Amazing quality and fast delivery!
175,175,1,"The audio sync was perfect, very impressive."
176,176,4,"Highly skilled editor, would hire again immediately."
177,177,5,Flawless editing from start to finish.
178,178,3,My clients were blown away by the quality.
179,179,5,Absolutely professional from start to finish.
180,180,5,My YouTube views went up after this edit!
181,181,5,"Top-notch editing skills, highly recommend."
182,182,5,Incredible motion graphics!
183,183,5,Super clean intro and outro animations.
184,184,5,Great attention to detail in every frame.
185,185,5,My audience loved the video!
186,186,5,Very creative approach to the project.
187,187,4,The subtitles were accurate and well-timed.
188,188,4,"The audio sync was perfect, very impressive."
189,189,5,Very creative approach to the project.
190,190,5,Will definitely order again!
191,191,5,The music selection was perfect.
192,192,5,Incredible motion graphics!
193,193,5,"Delivered before the deadline, amazing work!"
194,194,5,Really understood the brand vision perfectly.
195,195,3,The music selection was perfect.
196,196,5,Perfect gaming montage!
197,197,4,Perfect gaming montage!
198,198,4,The color grade transformed the footage.
199,199,5,Loved the energy of the montage.
200,200,4,Best editor on Fiverr hands down.
201,201,3,Great value for the price paid.
202,202,4,The music selection was perfect.
203,203,4,Very patient and understood my vision.
204,204,5,Perfect sync with the music!
205,205,4,Incredible motion graphics!
206,206,5,Exceeded my expectations completely.
207,207,5,The captions were perfectly placed.
208,208,5,Communication was excellent throughout.
209,209,2,Communication was excellent throughout.
210,210,5,Great attention to detail in every frame.
211,211,5,Great job on the pacing and storytelling.
212,212,5,Absolutely professional from start to finish.
213,213,5,My clients were blown away by the quality.
214,214,4,Absolutely professional from start to finish.
215,215,5,My YouTube views went up after this edit!
216,216,5,"Outstanding quality, 5 stars all the way."
217,217,5,My engagement doubled after posting the video.
218,218,5,Absolutely professional from start to finish.
219,219,5,"Exactly what I asked for, very detailed work."
220,220,5,Clean and creative editing style.
221,221,4,Delivered exactly what was promised.
222,222,5,The captions were perfectly placed.
223,223,5,Loved the energy of the montage.
224,224,4,Very satisfied with the final output.
225,225,4,Will definitely order again!
226,226,4,Loved the energy of the montage.
227,227,4,Professional delivery and stunning results.
228,228,4,Amazing quality and fast delivery!
229,229,5,Really understood the brand vision perfectly.
230,230,5,My YouTube views went up after this edit!
231,231,3,Beautiful cinematic feel to the video.
232,232,5,Absolutely professional from start to finish.
233,233,5,Very creative and original editing style.
234,234,5,The color grading was absolutely stunning.
235,235,5,The color grading was absolutely stunning.
236,236,5,The color grading was absolutely stunning.
237,237,5,My clients were blown away by the quality.
238,238,5,The color grading was absolutely stunning.
239,239,5,The effects were smooth and not overdone.
240,240,1,Clean and creative editing style.
241,241,5,Great job on the pacing and storytelling.
242,242,5,The effects were smooth and not overdone.
243,243,4,The effects were smooth and not overdone.
244,244,5,"Very smooth transitions, loved the final product."
245,245,5,Loved the energy of the montage.
246,246,5,"The reel went viral, thank you!"
247,247,5,My YouTube views went up after this edit!
248,248,5,The captions were perfectly placed.
249,249,5,Will definitely order again!
250,250,5,Amazing quality and fast delivery!
251,251,5,Very creative and original editing style.
252,252,3,Delivered exactly what was promised.
253,253,5,Professional delivery and stunning results.
254,254,4,Exceeded my expectations completely.
255,255,1,Very creative approach to the project.
256,256,5,"Highly skilled editor, would hire again immediately."
257,257,5,Will definitely order again!
258,258,4,Clean and creative editing style.
259,259,4,The music selection was perfect.
260,260,5,Quick revisions and very accommodating.
261,261,5,Flawless editing from start to finish.
262,262,5,Great attention to detail in every frame.
263,263,4,My engagement doubled after posting the video.
264,264,5,Clean and creative editing style.
265,265,2,Great value for the price paid.
266,266,2,Beautiful cinematic feel to the video.
267,267,3,Delivered exactly what was promised.
268,268,5,"Exactly what I asked for, very detailed work."
269,269,5,The color grade transformed the footage.
270,270,2,Quick revisions and very accommodating.
271,271,5,Great attention to detail in every frame.
272,272,5,Flawless editing from start to finish.
273,273,2,"Top-notch editing skills, highly recommend."
274,274,5,Super professional and responsive.
275,275,2,Loved the energy of the montage.
276,276,4,The effects were smooth and not overdone.
277,277,5,Absolutely professional from start to finish.
278,278,5,Amazing quality and fast delivery!
279,279,4,Great attention to detail in every frame.
280,280,3,The captions were perfectly placed.
281,281,4,Perfect gaming montage!
282,282,5,Communication was excellent throughout.
283,283,2,Very satisfied with the final output.
284,284,5,"Outstanding results, highly satisfied."
285,285,4,Super professional and responsive.
286,286,5,My engagement doubled after posting the video.
287,287,5,The color grading was absolutely stunning.
288,288,5,Flawless editing from start to finish.
289,289,4,Very satisfied with the final output.
290,290,5,Best editor on Fiverr hands down.
291,291,5,Quick revisions and very accommodating.
292,292,4,"Outstanding results, highly satisfied."
293,293,4,"The reel went viral, thank you!"
294,294,5,Clean and creative editing style.
295,295,3,"The reel went viral, thank you!"
296,296,4,Perfect gaming montage!
297,297,3,Beautiful cinematic feel to the video.
298,298,5,Professional delivery and stunning results.
299,299,1,"Great edits, very clean work!"
300,300,4,Communication was excellent throughout.
301,301,5,The color grade transformed the footage.
302,302,3,Really understood the brand vision perfectly.
303,303,4,Delivered exactly what was promised.
304,304,5,Perfect gaming montage!
305,305,5,Perfect sync with the music!
306,306,5,My clients were blown away by the quality.
307,307,4,The effects were smooth and not overdone.
308,308,3,My audience loved the video!
309,309,5,Professional delivery and stunning results.
310,310,5,Absolutely professional from start to finish.
311,311,5,"The reel went viral, thank you!"
312,312,5,"Great edits, very clean work!"
313,313,1,Beautiful cinematic feel to the video.
314,314,5,"Outstanding results, highly satisfied."
315,315,5,"Very smooth transitions, loved the final product."
316,316,4,Amazing quality and fast delivery!
317,317,4,My engagement doubled after posting the video.
318,318,4,Amazing quality and fast delivery!
319,319,3,My audience loved the video!
320,320,5,My YouTube views went up after this edit!
321,321,4,Loved the energy of the montage.
322,322,4,The color grading was absolutely stunning.
323,323,5,Very patient and understood my vision.
324,324,4,Exceeded my expectations completely.
325,325,5,Very creative and original editing style.
326,326,5,"Highly skilled editor, would hire again immediately."
327,327,5,"Top-notch editing skills, highly recommend."
328,328,5,Absolutely professional from start to finish.
329,329,4,The color grading was absolutely stunning.
330,330,3,Very professional and easy to work with.
331,331,5,Professional delivery and stunning results.
332,332,2,Very creative approach to the project.
333,333,5,Perfect gaming montage!
334,334,4,Amazing quality and fast delivery!
335,335,5,Really understood the brand vision perfectly.
336,336,5,Very creative approach to the project.
337,337,5,Perfect sync with the music!
338,338,1,Fast turnaround and great communication.
339,339,3,Loved the energy of the montage.
340,340,5,"Exactly what I asked for, very detailed work."
341,341,5,Amazing quality and fast delivery!
342,342,4,The effects were smooth and not overdone.
343,343,4,Will recommend to all my friends.
344,344,4,Professional delivery and stunning results.
345,345,5,Really understood the brand vision perfectly.
346,346,5,Professional delivery and stunning results.
347,347,5,Will definitely order again!
348,348,4,Very professional and easy to work with.
349,349,5,Communication was excellent throughout.
350,350,4,Loved the energy of the montage.
351,351,2,Perfect sync with the music!
352,352,5,Best editor on Fiverr hands down.
353,353,5,"Highly skilled editor, would hire again immediately."
354,354,3,"The reel went viral, thank you!"
355,355,4,Best editor on Fiverr hands down.
356,356,3,Will recommend to all my friends.
357,357,5,"Great edits, very clean work!"
358,358,5,"Exactly what I asked for, very detailed work."
359,359,1,Delivered exactly what was promised.
360,360,3,Quick revisions and very accommodating.
361,361,5,"Top-notch editing skills, highly recommend."
362,362,5,The color grade transformed the footage.
363,363,1,"Delivered before the deadline, amazing work!"
364,364,5,"Very smooth transitions, loved the final product."
365,365,3,The subtitles were accurate and well-timed.
366,366,5,"Very smooth transitions, loved the final product."
367,367,3,Super clean intro and outro animations.
368,368,5,Super clean intro and outro animations.
369,369,5,Beautiful cinematic feel to the video.
370,370,5,The effects were smooth and not overdone.
371,371,4,The color grading was absolutely stunning.
372,372,5,Fast turnaround and great communication.
373,373,5,My audience loved the video!
374,374,5,Clean and creative editing style.
375,375,5,Will definitely order again!
376,376,5,My YouTube views went up after this edit!
377,377,5,Will recommend to all my friends.
378,378,5,"The audio sync was perfect, very impressive."
379,379,4,"Highly skilled editor, would hire again immediately."
380,380,3,The color grade transformed the footage.
381,381,5,Great job on the pacing and storytelling.
382,382,3,Clean and creative editing style.
383,383,5,"The audio sync was perfect, very impressive."
384,384,5,"Highly skilled editor, would hire again immediately."
385,385,5,My audience loved the video!
386,386,3,"Outstanding quality, 5 stars all the way."
387,387,5,Incredible motion graphics!
388,388,5,Great attention to detail in every frame.
389,389,5,Best editor on Fiverr hands down.
390,390,5,The captions were perfectly placed.
391,391,4,Absolutely professional from start to finish.
392,392,5,Very creative and original editing style.
393,393,3,My clients were blown away by the quality.
394,394,3,The music selection was perfect.
395,395,5,"Very smooth transitions, loved the final product."
396,396,1,Best editor on Fiverr hands down.
397,397,5,Very satisfied with the final output.
398,398,4,"Exactly what I asked for, very detailed work."
399,399,5,"Top-notch editing skills, highly recommend."
400,400,3,Incredible motion graphics!
401,401,3,Will definitely order again!
402,402,4,Beautiful cinematic feel to the video.
403,403,5,Flawless editing from start to finish.
404,404,4,"Exactly what I asked for, very detailed work."
405,405,5,Super clean intro and outro animations.
406,406,5,Super professional and responsive.
407,407,5,"The reel went viral, thank you!"
408,408,5,Great job on the pacing and storytelling.
409,409,4,Amazing quality and fast delivery!
410,410,5,Very professional and easy to work with.
411,411,5,Amazing quality and fast delivery!
412,412,3,My engagement doubled after posting the video.
413,413,4,Exceeded my expectations completely.
414,414,4,Great job on the pacing and storytelling.
415,415,5,"Top-notch editing skills, highly recommend."
416,416,5,"Exactly what I asked for, very detailed work."
417,417,5,Beautiful cinematic feel to the video.
418,418,4,"Exactly what I asked for, very detailed work."
419,419,5,The color grading was absolutely stunning.
420,420,4,Great job on the pacing and storytelling.
421,421,4,"Outstanding results, highly satisfied."
422,422,3,Will definitely order again!
423,423,5,Exceeded my expectations completely.
424,424,5,Loved the energy of the montage.
425,425,4,The effects were smooth and not overdone.
426,426,5,Exceeded my expectations completely.
427,427,4,The subtitles were accurate and well-timed.
428,428,4,Delivered exactly what was promised.
429,429,5,Quick revisions and very accommodating.
430,430,4,Great attention to detail in every frame.
431,431,3,Really understood the brand vision perfectly.
432,432,4,Super professional and responsive.
433,433,5,Flawless editing from start to finish.
434,434,4,The subtitles were accurate and well-timed.
435,435,3,The effects were smooth and not overdone.
436,436,5,The effects were smooth and not overdone.
437,437,5,Super professional and responsive.
438,438,5,"Outstanding quality, 5 stars all the way."
439,439,5,Perfect gaming montage!
440,440,5,"Very smooth transitions, loved the final product."
441,441,5,Super clean intro and outro animations.
442,442,4,"Great edits, very clean work!"
443,443,4,Very professional and easy to work with.
444,444,5,The captions were perfectly placed.
445,445,3,"Outstanding quality, 5 stars all the way."
446,446,4,Incredible motion graphics!
447,447,5,"Delivered before the deadline, amazing work!"
448,448,5,Very creative approach to the project.
449,449,5,My clients were blown away by the quality.
450,450,3,Loved the energy of the montage.
451,451,5,"The reel went viral, thank you!"
452,452,5,Very creative approach to the project.
453,453,5,Loved the energy of the montage.
454,454,5,"Outstanding results, highly satisfied."
455,455,5,Perfect gaming montage!
456,456,4,"Highly skilled editor, would hire again immediately."
457,457,4,Incredible motion graphics!
458,458,3,My clients were blown away by the quality.
459,459,5,"The reel went viral, thank you!"
460,460,4,Absolutely professional from start to finish.
461,461,5,"Outstanding results, highly satisfied."
462,462,5,Absolutely professional from start to finish.
463,463,5,Delivered exactly what was promised.
464,464,5,Loved the energy of the montage.
465,465,5,The effects were smooth and not overdone.
466,466,4,"Delivered before the deadline, amazing work!"
467,467,5,Professional delivery and stunning results.
468,468,5,Amazing quality and fast delivery!
469,469,4,The subtitles were accurate and well-timed.
470,470,4,Will recommend to all my friends.
471,471,4,"Very smooth transitions, loved the final product."
472,472,4,Communication was excellent throughout.
473,473,5,Fast turnaround and great communication.
474,474,3,Incredible motion graphics!
475,475,4,Very creative approach to the project.
476,476,5,Very professional and easy to work with.
477,477,4,Flawless editing from start to finish.
478,478,5,My YouTube views went up after this edit!
479,479,4,Incredible motion graphics!
480,480,3,My clients were blown away by the quality.
481,481,5,My engagement doubled after posting the video.
482,482,5,Perfect gaming montage!
483,483,5,Beautiful cinematic feel to the video.
484,484,5,The subtitles were accurate and well-timed.
485,485,5,Very satisfied with the final output.
486,486,3,Very satisfied with the final output.
487,487,5,Incredible motion graphics!
488,488,5,The music selection was perfect.
489,489,4,Great job on the pacing and storytelling.
490,490,3,The subtitles were accurate and well-timed.
491,491,5,"Outstanding quality, 5 stars all the way."
492,492,4,"Delivered before the deadline, amazing work!"
493,493,5,Perfect sync with the music!
494,494,5,The music selection was perfect.
495,495,5,Great value for the price paid.
496,496,5,Best editor on Fiverr hands down.
497,497,5,Very creative and original editing style.
498,498,3,Really understood the brand vision perfectly.
499,499,4,Perfect sync with the music!
500,500,4,"Delivered before the deadline, amazing work!"
501,501,5,Perfect gaming montage!
502,502,5,Perfect sync with the music!
503,503,3,Great job on the pacing and storytelling.
504,504,5,Very creative and original editing style.
505,505,5,Loved the energy of the montage.
506,506,2,The music selection was perfect.
507,507,4,Will recommend to all my friends.
508,508,5,"Outstanding quality, 5 stars all the way."
509,509,5,Professional delivery and stunning results.
510,510,5,Beautiful cinematic feel to the video.
511,511,4,Will recommend to all my friends.
512,512,5,Great job on the pacing and storytelling.
513,513,5,The captions were perfectly placed.
514,514,5,My engagement doubled after posting the video.
515,515,4,"Delivered before the deadline, amazing work!"
516,516,4,Perfect sync with the music!
517,517,5,Professional delivery and stunning results.
518,518,5,The captions were perfectly placed.
519,519,4,The music selection was perfect.
520,520,5,My clients were blown away by the quality.
521,521,4,Super professional and responsive.
522,522,5,The captions were perfectly placed.
523,523,3,Best editor on Fiverr hands down.
524,524,4,"The reel went viral, thank you!"
525,525,2,"Highly skilled editor, would hire again immediately."
526,526,5,Professional delivery and stunning results.
527,527,4,Very satisfied with the final output.
528,528,5,Absolutely professional from start to finish.
529,529,5,Clean and creative editing style.
530,530,4,Loved the energy of the montage.
531,531,5,My YouTube views went up after this edit!
532,532,5,"The reel went viral, thank you!"
533,533,5,Loved the energy of the montage.
534,534,4,Delivered exactly what was promised.
535,535,4,Perfect sync with the music!
536,536,1,The captions were perfectly placed.
537,537,3,"The reel went viral, thank you!"
538,538,5,Great attention to detail in every frame.
539,539,5,The captions were perfectly placed.
540,540,4,Fast turnaround and great communication.
541,541,5,Great value for the price paid.
542,542,3,Very creative and original editing style.
543,543,5,Flawless editing from start to finish.
544,544,5,"Delivered before the deadline, amazing work!"
545,545,4,"Very smooth transitions, loved the final product."
546,546,5,Fast turnaround and great communication.
547,547,4,My YouTube views went up after this edit!
548,548,5,My audience loved the video!
549,549,5,Exceeded my expectations completely.
550,550,5,Very creative approach to the project.
551,551,4,Will recommend to all my friends.
552,552,4,The effects were smooth and not overdone.
553,553,5,"Great edits, very clean work!"
554,554,5,The effects were smooth and not overdone.
555,555,5,Beautiful cinematic feel to the video.
556,556,5,Quick revisions and very accommodating.
557,557,5,Incredible motion graphics!
558,558,5,Will definitely order again!
559,559,4,The color grade transformed the footage.
560,560,5,The color grade transformed the footage.
561,561,4,"Very smooth transitions, loved the final product."
562,562,4,Very creative and original editing style.
563,563,4,Best editor on Fiverr hands down.
564,564,5,My clients were blown away by the quality.
565,565,5,Very patient and understood my vision.
566,566,4,The effects were smooth and not overdone.
567,567,5,The effects were smooth and not overdone.
568,568,5,Fast turnaround and great communication.
569,569,5,Flawless editing from start to finish.
570,570,5,Flawless editing from start to finish.
571,571,5,The effects were smooth and not overdone.
572,572,2,Super clean intro and outro animations.
573,573,5,Clean and creative editing style.
574,574,5,Incredible motion graphics!
575,575,4,Delivered exactly what was promised.
576,576,5,"Exactly what I asked for, very detailed work."
577,577,5,Loved the energy of the montage.
578,578,5,Very creative approach to the project.
579,579,4,Will recommend to all my friends.
580,580,1,The captions were perfectly placed.
581,581,5,Flawless editing from start to finish.
582,582,5,"Outstanding results, highly satisfied."
583,583,5,Quick revisions and very accommodating.
584,584,5,Delivered exactly what was promised.
585,585,5,Super professional and responsive.
586,586,2,"The reel went viral, thank you!"
587,587,4,Super clean intro and outro animations.
588,588,5,Perfect gaming montage!
589,589,2,Incredible motion graphics!
590,590,5,The effects were smooth and not overdone.
591,591,4,"Exactly what I asked for, very detailed work."
592,592,3,Best editor on Fiverr hands down.
593,593,4,Very creative and original editing style.
594,594,5,"Delivered before the deadline, amazing work!"
595,595,3,"Great edits, very clean work!"
596,596,5,"Top-notch editing skills, highly recommend."
597,597,5,"Highly skilled editor, would hire again immediately."
598,598,5,My audience loved the video!
599,599,5,Super clean intro and outro animations.
600,600,5,"Highly skilled editor, would hire again immediately."
601,601,3,"Very smooth transitions, loved the final product."
602,602,5,"Delivered before the deadline, amazing work!"
603,603,3,"Outstanding quality, 5 stars all the way."
604,604,5,Quick revisions and very accommodating.
605,605,5,Super clean intro and outro animations.
606,606,5,Best editor on Fiverr hands down.
607,607,5,"Great edits, very clean work!"
608,608,5,Best editor on Fiverr hands down.
609,609,5,My engagement doubled after posting the video.
610,610,5,Perfect sync with the music!
611,611,4,The music selection was perfect.
612,612,4,Very satisfied with the final output.
613,613,4,Very creative and original editing style.
614,614,5,Perfect sync with the music!
615,615,3,Incredible motion graphics!
616,616,5,Delivered exactly what was promised.
617,617,4,Very satisfied with the final output.
618,618,4,Super clean intro and outro animations.
619,619,5,Best editor on Fiverr hands down.
620,620,1,"The reel went viral, thank you!"
621,621,5,"Highly skilled editor, would hire again immediately."
622,622,5,"Top-notch editing skills, highly recommend."
623,623,5,"Top-notch editing skills, highly recommend."
624,624,3,Communication was excellent throughout.
625,625,5,My clients were blown away by the quality.
626,626,4,Perfect gaming montage!
627,627,5,Will definitely order again!
628,628,5,The color grade transformed the footage.
629,629,5,Perfect gaming montage!
630,630,5,"Outstanding quality, 5 stars all the way."
631,631,5,Fast turnaround and great communication.
632,632,5,"Very smooth transitions, loved the final product."
633,633,5,"Delivered before the deadline, amazing work!"
634,634,4,The color grading was absolutely stunning.
635,635,1,Fast turnaround and great communication.
636,636,4,The color grading was absolutely stunning.
637,637,4,The color grade transformed the footage.
638,638,4,The color grade transformed the footage.
639,639,5,My engagement doubled after posting the video.
640,640,5,Great job on the pacing and storytelling.
641,641,3,Beautiful cinematic feel to the video.
642,642,5,My engagement doubled after posting the video.
643,643,5,Great job on the pacing and storytelling.
644,644,5,Really understood the brand vision perfectly.
645,645,5,Loved the energy of the montage.
646,646,5,My YouTube views went up after this edit!
647,647,5,Very patient and understood my vision.
648,648,3,My audience loved the video!
649,649,5,My audience loved the video!
650,650,5,Incredible motion graphics!
651,651,3,"Very smooth transitions, loved the final product."
652,652,5,My clients were blown away by the quality.
653,653,1,The color grading was absolutely stunning.
654,654,5,Great value for the price paid.
655,655,4,Incredible motion graphics!
656,656,4,Very creative and original editing style.
657,657,5,Professional delivery and stunning results.
658,658,4,Very creative and original editing style.
659,659,5,My engagement doubled after posting the video.
660,660,5,Best editor on Fiverr hands down.
661,661,5,Quick revisions and very accommodating.
662,662,5,"Outstanding quality, 5 stars all the way."
663,663,4,Very satisfied with the final output.
664,664,5,Clean and creative editing style.
665,665,4,Flawless editing from start to finish.
666,666,2,"Outstanding quality, 5 stars all the way."
667,667,4,My engagement doubled after posting the video.
668,668,5,"The audio sync was perfect, very impressive."
669,669,5,Perfect sync with the music!
670,670,3,Flawless editing from start to finish.
671,671,3,Exceeded my expectations completely.
672,672,4,The effects were smooth and not overdone.
673,673,5,The captions were perfectly placed.
674,674,3,Perfect sync with the music!
675,675,1,Very creative and original editing style.
676,676,4,The color grade transformed the footage.
677,677,5,Fast turnaround and great communication.
678,678,5,My YouTube views went up after this edit!
679,679,3,Very creative and original editing style.
680,680,3,"Outstanding quality, 5 stars all the way."
681,681,4,Very creative and original editing style.
682,682,3,Great value for the price paid.
683,683,5,"Top-notch editing skills, highly recommend."
684,684,5,The music selection was perfect.
685,685,5,"The reel went viral, thank you!"
686,686,4,My YouTube views went up after this edit!
687,687,5,"The audio sync was perfect, very impressive."
688,688,2,My YouTube views went up after this edit!
689,689,4,Super professional and responsive.
690,690,5,My engagement doubled after posting the video.
691,691,5,"The reel went viral, thank you!"
692,692,3,The music selection was perfect.
693,693,4,Super professional and responsive.
694,694,5,The effects were smooth and not overdone.
695,695,4,Communication was excellent throughout.
696,696,4,Professional delivery and stunning results.
697,697,5,Will definitely order again!
698,698,5,"Outstanding quality, 5 stars all the way."
699,699,5,My audience loved the video!
700,700,5,Delivered exactly what was promised.
701,701,5,Quick revisions and very accommodating.
702,702,5,Exceeded my expectations completely.
703,703,5,Amazing quality and fast delivery!
704,704,5,"Great edits, very clean work!"
705,705,4,Communication was excellent throughout.
706,706,5,Very creative and original editing style.
707,707,1,Very satisfied with the final output.
708,708,5,Beautiful cinematic feel to the video.
709,709,3,The music selection was perfect.
710,710,5,Incredible motion graphics!
711,711,4,"Delivered before the deadline, amazing work!"
712,712,5,"Outstanding results, highly satisfied."
713,713,5,Very satisfied with the final output.
714,714,5,Really understood the brand vision perfectly.
715,715,5,Will recommend to all my friends.
716,716,5,Professional delivery and stunning results.
717,717,5,"The audio sync was perfect, very impressive."
718,718,4,"Very smooth transitions, loved the final product."
719,719,5,"The audio sync was perfect, very impressive."
720,720,4,The subtitles were accurate and well-timed.
721,721,5,Best editor on Fiverr hands down.
722,722,3,Flawless editing from start to finish.
723,723,4,"Outstanding results, highly satisfied."
724,724,2,Clean and creative editing style.
725,725,5,Super clean intro and outro animations.
726,726,5,"The audio sync was perfect, very impressive."
727,727,5,Very creative approach to the project.
728,728,4,My engagement doubled after posting the video.
729,729,5,My engagement doubled after posting the video.
730,730,5,"Highly skilled editor, would hire again immediately."
731,731,5,"Delivered before the deadline, amazing work!"
732,732,3,Will definitely order again!
733,733,5,"Outstanding quality, 5 stars all the way."
734,734,4,"Delivered before the deadline, amazing work!"
735,735,2,My clients were blown away by the quality.
736,736,5,Great attention to detail in every frame.
737,737,5,Best editor on Fiverr hands down.
738,738,4,Incredible motion graphics!
739,739,2,Fast turnaround and great communication.
740,740,5,Quick revisions and very accommodating.
741,741,5,Quick revisions and very accommodating.
742,742,5,"Outstanding quality, 5 stars all the way."
743,743,4,Great value for the price paid.
744,744,5,Will recommend to all my friends.
745,745,5,Great value for the price paid.
746,746,5,Great job on the pacing and storytelling.
747,747,2,"Exactly what I asked for, very detailed work."
748,748,5,The color grade transformed the footage.
749,749,5,Absolutely professional from start to finish.
750,750,4,Very creative and original editing style.
751,751,5,Beautiful cinematic feel to the video.
752,752,5,Professional delivery and stunning results.
753,753,5,Delivered exactly what was promised.
754,754,5,Will definitely order again!
755,755,5,"Delivered before the deadline, amazing work!"
756,756,4,Quick revisions and very accommodating.
757,757,5,Perfect gaming montage!
758,758,4,Clean and creative editing style.
759,759,2,Very creative approach to the project.
760,760,4,My YouTube views went up after this edit!
761,761,5,"The audio sync was perfect, very impressive."
762,762,4,Great attention to detail in every frame.
763,763,5,The captions were perfectly placed.
764,764,5,Very satisfied with the final output.
765,765,4,Will recommend to all my friends.
766,766,5,Fast turnaround and great communication.
767,767,5,Professional delivery and stunning results.
768,768,5,"Exactly what I asked for, very detailed work."
769,769,5,"Outstanding quality, 5 stars all the way."
770,770,4,My audience loved the video!
771,771,2,"The reel went viral, thank you!"
772,772,5,The music selection was perfect.
773,773,1,"The reel went viral, thank you!"
774,774,4,"Very smooth transitions, loved the final product."
775,775,5,Will recommend to all my friends.
776,776,5,My audience loved the video!
777,777,5,Perfect sync with the music!
778,778,5,My YouTube views went up after this edit!
779,779,5,Super clean intro and outro animations.
780,780,5,The color grade transformed the footage.
781,781,5,"Outstanding results, highly satisfied."
782,782,4,Loved the energy of the montage.
783,783,4,Great value for the price paid.
784,784,5,Communication was excellent throughout.
785,785,4,Clean and creative editing style.
786,786,5,Great value for the price paid.
787,787,5,Absolutely professional from start to finish.
788,788,5,Super professional and responsive.
789,789,5,Absolutely professional from start to finish.
790,790,5,Loved the energy of the montage.
791,791,5,The subtitles were accurate and well-timed.
792,792,5,"Outstanding results, highly satisfied."
793,793,5,Great job on the pacing and storytelling.
794,794,5,Very patient and understood my vision.
795,795,4,Delivered exactly what was promised.
796,796,4,Professional delivery and stunning results.
797,797,5,Very creative approach to the project.
798,798,4,Super clean intro and outro animations.
799,799,5,Very creative and original editing style.
800,800,5,"Very smooth transitions, loved the final product."
801,801,3,Exceeded my expectations completely.
802,802,5,My clients were blown away by the quality.
803,803,5,The subtitles were accurate and well-timed.
804,804,5,The music selection was perfect.
805,805,5,Professional delivery and stunning results.
806,806,5,Really understood the brand vision perfectly.
807,807,5,Super clean intro and outro animations.
808,808,5,The captions were perfectly placed.
809,809,3,"Very smooth transitions, loved the final product."
810,810,3,Amazing quality and fast delivery!
811,811,5,"Outstanding results, highly satisfied."
812,812,5,"Exactly what I asked for, very detailed work."
813,813,3,Best editor on Fiverr hands down.
814,814,3,"The audio sync was perfect, very impressive."
815,815,5,"The audio sync was perfect, very impressive."
816,816,4,Super clean intro and outro animations.
817,817,4,Great value for the price paid.
818,818,5,Very creative approach to the project.
819,819,4,"The audio sync was perfect, very impressive."
820,820,5,"Exactly what I asked for, very detailed work."
821,821,5,"Exactly what I asked for, very detailed work."
822,822,2,Amazing quality and fast delivery!
823,823,2,The captions were perfectly placed.
824,824,5,Absolutely professional from start to finish.
825,825,4,Super professional and responsive.
826,826,3,Very satisfied with the final output.
827,827,4,Exceeded my expectations completely.
828,828,5,Incredible motion graphics!
829,829,5,Quick revisions and very accommodating.
830,830,3,Fast turnaround and great communication.
831,831,4,Will recommend to all my friends.
832,832,4,Loved the energy of the montage.
833,833,5,Super clean intro and outro animations.
834,834,5,Loved the energy of the montage.
835,835,4,Great attention to detail in every frame.
836,836,4,The effects were smooth and not overdone.
837,837,5,Amazing quality and fast delivery!
838,838,5,Communication was excellent throughout.
839,839,5,Will definitely order again!
840,840,5,Very satisfied with the final output.
841,841,4,Super professional and responsive.
842,842,4,"The reel went viral, thank you!"
843,843,5,"Delivered before the deadline, amazing work!"
844,844,4,My YouTube views went up after this edit!
845,845,4,"Top-notch editing skills, highly recommend."
846,846,3,"Top-notch editing skills, highly recommend."
847,847,5,The color grade transformed the footage.
848,848,4,My audience loved the video!
849,849,4,Best editor on Fiverr hands down.
850,850,4,Very creative approach to the project.
851,851,4,Very creative and original editing style.
852,852,5,Perfect gaming montage!
853,853,5,"Delivered before the deadline, amazing work!"
854,854,4,Great value for the price paid.
855,855,4,Very creative approach to the project.
856,856,4,The color grading was absolutely stunning.
857,857,1,"Top-notch editing skills, highly recommend."
858,858,5,Great job on the pacing and storytelling.
859,859,5,My clients were blown away by the quality.
860,860,5,The effects were smooth and not overdone.
861,861,5,Loved the energy of the montage.
862,862,5,Really understood the brand vision perfectly.
863,863,5,Perfect gaming montage!
864,864,5,Flawless editing from start to finish.
865,865,4,Great job on the pacing and storytelling.
866,866,5,Professional delivery and stunning results.
867,867,5,"Outstanding quality, 5 stars all the way."
868,868,5,Exceeded my expectations completely.
869,869,4,Flawless editing from start to finish.
870,870,3,Very creative and original editing style.
871,871,5,Delivered exactly what was promised.
872,872,5,Super professional and responsive.
873,873,5,"Delivered before the deadline, amazing work!"
874,874,5,Absolutely professional from start to finish.
875,875,4,My YouTube views went up after this edit!
876,876,3,"Top-notch editing skills, highly recommend."
877,877,5,"The reel went viral, thank you!"
878,878,5,"Very smooth transitions, loved the final product."
879,879,4,The color grade transformed the footage.
880,880,5,The captions were perfectly placed.
881,881,5,Clean and creative editing style.
882,882,4,"Outstanding results, highly satisfied."
883,883,4,"Outstanding results, highly satisfied."
884,884,5,"Very smooth transitions, loved the final product."
885,885,4,"Exactly what I asked for, very detailed work."
886,886,5,Incredible motion graphics!
887,887,5,"Top-notch editing skills, highly recommend."
888,888,1,"Great edits, very clean work!"
889,889,3,Loved the energy of the montage.
890,890,5,The color grading was absolutely stunning.
891,891,4,Amazing quality and fast delivery!
892,892,4,"Top-notch editing skills, highly recommend."
893,893,4,Very creative approach to the project.
894,894,5,Super professional and responsive.
895,895,5,Fast turnaround and great communication.
896,896,5,Communication was excellent throughout.
897,897,5,"The reel went viral, thank you!"
898,898,5,Amazing quality and fast delivery!
899,899,5,Communication was excellent throughout.
900,900,3,"The audio sync was perfect, very impressive."
901,901,5,Quick revisions and very accommodating.
902,902,5,My YouTube views went up after this edit!
903,903,4,Very professional and easy to work with.
904,904,3,The captions were perfectly placed.
905,905,5,My audience loved the video!
906,906,3,Best editor on Fiverr hands down.
907,907,5,Very professional and easy to work with.
908,908,5,Very patient and understood my vision.
909,909,5,"Very smooth transitions, loved the final product."
910,910,4,My audience loved the video!
911,911,4,"Exactly what I asked for, very detailed work."
912,912,2,Really understood the brand vision perfectly.
913,913,4,Super professional and responsive.
914,914,5,Great attention to detail in every frame.
915,915,5,"Great edits, very clean work!"
916,916,3,Great job on the pacing and storytelling.
917,917,4,"Very smooth transitions, loved the final product."
918,918,5,"Exactly what I asked for, very detailed work."
919,919,4,"The reel went viral, thank you!"
920,920,3,The music selection was perfect.
921,921,5,Very patient and understood my vision.
922,922,5,Really understood the brand vision perfectly.
923,923,5,The color grading was absolutely stunning.
924,924,5,"The audio sync was perfect, very impressive."
925,925,5,"Highly skilled editor, would hire again immediately."
926,926,5,Very patient and understood my vision.
927,927,5,Very satisfied with the final output.
928,928,5,The subtitles were accurate and well-timed.
929,929,5,Best editor on Fiverr hands down.
930,930,5,Exceeded my expectations completely.
931,931,4,My engagement doubled after posting the video.
932,932,5,Really understood the brand vision perfectly.
933,933,5,Delivered exactly what was promised.
934,934,4,The effects were smooth and not overdone.
935,935,5,Incredible motion graphics!
936,936,4,Super professional and responsive.
937,937,4,My YouTube views went up after this edit!
938,938,5,Great attention to detail in every frame.
939,939,5,Clean and creative editing style.
940,940,4,"Outstanding results, highly satisfied."
941,941,5,Great job on the pacing and storytelling.
942,942,4,My clients were blown away by the quality.
943,943,5,Incredible motion graphics!
944,944,5,Beautiful cinematic feel to the video.
945,945,4,"Delivered before the deadline, amazing work!"
946,946,5,Super professional and responsive.
947,947,5,The color grading was absolutely stunning.
948,948,3,Will definitely order again!
949,949,5,Fast turnaround and great communication.
950,950,5,My clients were blown away by the quality.
951,951,2,"Highly skilled editor, would hire again immediately."
952,952,4,"Highly skilled editor, would hire again immediately."
953,953,5,Very professional and easy to work with.
954,954,5,Very creative and original editing style.
955,955,5,Super professional and responsive.
956,956,5,Exceeded my expectations completely.
957,957,5,Beautiful cinematic feel to the video.
958,958,4,Perfect gaming montage!
959,959,5,"Top-notch editing skills, highly recommend."
960,960,5,Quick revisions and very accommodating.
961,961,3,Very satisfied with the final output.
962,962,5,"Highly skilled editor, would hire again immediately."
963,963,4,The subtitles were accurate and well-timed.
964,964,4,"Outstanding results, highly satisfied."
965,965,3,The color grading was absolutely stunning.
966,966,4,Incredible motion graphics!
967,967,5,"Outstanding quality, 5 stars all the way."
968,968,5,Perfect sync with the music!
969,969,4,Will recommend to all my friends.
970,970,4,"Great edits, very clean work!"
971,971,4,Great value for the price paid.
972,972,3,Fast turnaround and great communication.
973,973,4,"Outstanding quality, 5 stars all the way."
974,974,5,The effects were smooth and not overdone.
975,975,5,Great attention to detail in every frame.
976,976,5,"Outstanding quality, 5 stars all the way."
977,977,5,"Delivered before the deadline, amazing work!"
978,978,5,Very professional and easy to work with.
979,979,5,"Highly skilled editor, would hire again immediately."
980,980,5,"Delivered before the deadline, amazing work!"
981,981,4,Great value for the price paid.
982,982,4,Delivered exactly what was promised.
983,983,5,"Great edits, very clean work!"
984,984,4,Super clean intro and outro animations.
985,985,5,The subtitles were accurate and well-timed.
986,986,5,Clean and creative editing style.
987,987,1,Will recommend to all my friends.
988,988,2,"Very smooth transitions, loved the final product."
989,989,1,"The reel went viral, thank you!"
990,990,5,"Outstanding quality, 5 stars all the way."
991,991,5,The effects were smooth and not overdone.
992,992,4,Very satisfied with the final output.
993,993,5,My YouTube views went up after this edit!
994,994,4,The effects were smooth and not overdone.
995,995,5,Very patient and understood my vision.
996,996,5,Best editor on Fiverr hands down.
997,997,4,My engagement doubled after posting the video.
998,998,5,"Very smooth transitions, loved the final product."
999,999,5,The subtitles were accurate and well-timed.
1000,1000,5,Very creative approach to the project.
