service_id,freelancer_id,title,description
1,112,Music Video Editing,Dynamic music video with beat-synced cuts and effects
2,82,Real Estate Walkthrough Edit,Smooth walkthrough edit with text overlays and music
3,88,Sports Highlight Reel,Fast-paced sports montage with slow-mo and effects
4,128,Travel Vlog Editing,Vibrant travel vlog with cinematic color and transitions
5,66,Event Recap Video,Engaging event recap with highlights and graphics
6,31,Product Review Edit,Clean product review with graphics and call-to-action
7,241,Cinematic Color Grade,Film-grade color correction and grading for any footage
8,497,Gaming Montage Editing,High energy gaming edits with effects and music sync
9,10,Short Form Reels Editing,TikTok and Instagram reels with captions and effects
10,273,YouTube Video Editing,"Professional YouTube editing with cuts, transitions, color correction"
11,682,Product Review Edit,Clean product review with graphics and call-to-action
12,809,Short Form Reels Editing,TikTok and Instagram reels with captions and effects
13,100,Corporate Promo Video,Polished corporate promo with branding and animations
14,535,YouTube Video Editing,"Professional YouTube editing with cuts, transitions, color correction"
15,385,Testimonial Video Edit,Authentic testimonial video with branding and subtitles
16,533,Travel Vlog Editing,Vibrant travel vlog with cinematic color and transitions
17,955,Cinematic Color Grade,Film-grade color correction and grading for any footage
18,485,Event Recap Video,Engaging event recap with highlights and graphics
19,619,Interview Editing,Professional interview edit with lower thirds and cutaways
20,345,Tutorial/Educational Edit,Clear tutorial edit with screen recordings and annotations
21,699,Event Recap Video,Engaging event recap with highlights and graphics
22,323,Documentary Editing,Story-driven documentary with interviews and B-roll
23,964,Tutorial/Educational Edit,Clear tutorial edit with screen recordings and annotations
24,682,Sports Highlight Reel,Fast-paced sports montage with slow-mo and effects
25,388,Testimonial Video Edit,Authentic testimonial video with branding and subtitles
26,59,Tutorial/Educational Edit,Clear tutorial edit with screen recordings and annotations
27,895,Event Recap Video,Engaging event recap with highlights and graphics
28,826,Gaming Montage Editing,High energy gaming edits with effects and music sync
29,4,Animation & Motion Graphics,Custom animations and motion graphics for any video
30,892,Sports Highlight Reel,Fast-paced sports montage with slow-mo and effects
31,743,Wedding Highlight Reel,Emotional highlight reel with music and color grade
32,27,Testimonial Video Edit,Authentic testimonial video with branding and subtitles
33,126,Social Media Ad Edit,Scroll-stopping social media ad with captions and CTA
34,287,Documentary Editing,Story-driven documentary with interviews and B-roll
35,378,Animation & Motion Graphics,Custom animations and motion graphics for any video
36,634,Cinematic Color Grade,Film-grade color correction and grading for any footage
37,528,Interview Editing,Professional interview edit with lower thirds and cutaways
38,677,Corporate Promo Video,Polished corporate promo with branding and animations
39,4,Event Recap Video,Engaging event recap with highlights and graphics
40,18,Tutorial/Educational Edit,Clear tutorial edit with screen recordings and annotations
41,895,Short Form Reels Editing,TikTok and Instagram reels with captions and effects
42,993,Event Recap Video,Engaging event recap with highlights and graphics
43,695,Animation & Motion Graphics,Custom animations and motion graphics for any video
44,240,Testimonial Video Edit,Authentic testimonial video with branding and subtitles
45,497,Sports Highlight Reel,Fast-paced sports montage with slow-mo and effects
46,757,Testimonial Video Edit,Authentic testimonial video with branding and subtitles
47,814,Podcast Video Editing,Clean podcast editing with audio sync and visuals
48,357,Interview Editing,Professional interview edit with lower thirds and cutaways
49,962,Cinematic Color Grade,Film-grade color correction and grading for any footage
50,675,Gaming Montage Editing,High energy gaming edits with effects and music sync
51,752,Sports Highlight Reel,Fast-paced sports montage with slow-mo and effects
52,301,Testimonial Video Edit,Authentic testimonial video with branding and subtitles
53,200,Wedding Highlight Reel,Emotional highlight reel with music and color grade
54,891,Social Media Ad Edit,Scroll-stopping social media ad with captions and CTA
55,898,Product Review Edit,Clean product review with graphics and call-to-action
56,804,Social Media Ad Edit,Scroll-stopping social media ad with captions and CTA
57,33,Wedding Highlight Reel,Emotional highlight reel with music and color grade
58,510,Podcast Video Editing,Clean podcast editing with audio sync and visuals
59,309,Fitness Transformation Video,Before and after fitness video with energetic music
60,896,Animation & Motion Graphics,Custom animations and motion graphics for any video
61,173,Animation & Motion Graphics,Custom animations and motion graphics for any video
62,978,Gaming Montage Editing,High energy gaming edits with effects and music sync
63,494,Fitness Transformation Video,Before and after fitness video with energetic music
64,247,Documentary Editing,Story-driven documentary with interviews and B-roll
65,217,Music Video Editing,Dynamic music video with beat-synced cuts and effects
66,772,Podcast Video Editing,Clean podcast editing with audio sync and visuals
67,109,Interview Editing,Professional interview edit with lower thirds and cutaways
68,733,YouTube Video Editing,"Professional YouTube editing with cuts, transitions, color correction"
69,165,Event Recap Video,Engaging event recap with highlights and graphics
70,925,Sports Highlight Reel,Fast-paced sports montage with slow-mo and effects
71,785,Travel Vlog Editing,Vibrant travel vlog with cinematic color and transitions
72,226,Travel Vlog Editing,Vibrant travel vlog with cinematic color and transitions
73,682,Cinematic Color Grade,Film-grade color correction and grading for any footage
74,975,Gaming Montage Editing,High energy gaming edits with effects and music sync
75,682,Wedding Highlight Reel,Emotional highlight reel with music and color grade
76,945,Fitness Transformation Video,Before and after fitness video with energetic music
77,649,Cinematic Color Grade,Film-grade color correction and grading for any footage
78,93,Event Recap Video,Engaging event recap with highlights and graphics
79,893,Documentary Editing,Story-driven documentary with interviews and B-roll
80,955,Product Review Edit,Clean product review with graphics and call-to-action
81,785,Testimonial Video Edit,Authentic testimonial video with branding and subtitles
82,67,Event Recap Video,Engaging event recap with highlights and graphics
83,387,Sports Highlight Reel,Fast-paced sports montage with slow-mo and effects
84,670,Fitness Transformation Video,Before and after fitness video with energetic music
85,990,Interview Editing,Professional interview edit with lower thirds and cutaways
86,828,Documentary Editing,Story-driven documentary with interviews and B-roll
87,229,Travel Vlog Editing,Vibrant travel vlog with cinematic color and transitions
88,119,Real Estate Walkthrough Edit,Smooth walkthrough edit with text overlays and music
89,90,Gaming Montage Editing,High energy gaming edits with effects and music sync
90,92,Event Recap Video,Engaging event recap with highlights and graphics
91,759,Product Review Edit,Clean product review with graphics and call-to-action
92,960,Corporate Promo Video,Polished corporate promo with branding and animations
93,763,Gaming Montage Editing,High energy gaming edits with effects and music sync
94,587,Tutorial/Educational Edit,Clear tutorial edit with screen recordings and annotations
95,131,Event Recap Video,Engaging event recap with highlights and graphics
96,977,Sports Highlight Reel,Fast-paced sports montage with slow-mo and effects
97,591,YouTube Video Editing,"Professional YouTube editing with cuts, transitions, color correction"
98,319,Short Form Reels Editing,TikTok and Instagram reels with captions and effects
99,605,Fitness Transformation Video,Before and after fitness video with energetic music
100,195,Sports Highlight Reel,Fast-paced sports montage with slow-mo and effects
101,434,Event Recap Video,Engaging event recap with highlights and graphics
102,790,Tutorial/Educational Edit,Clear tutorial edit with screen recordings and annotations
103,817,Wedding Highlight Reel,Emotional highlight reel with music and color grade
104,533,Testimonial Video Edit,Authentic testimonial video with branding and subtitles
105,605,Documentary Editing,Story-driven documentary with interviews and B-roll
106,110,Sports Highlight Reel,Fast-paced sports montage with slow-mo and effects
107,10,Fitness Transformation Video,Before and after fitness video with energetic music
108,873,Animation & Motion Graphics,Custom animations and motion graphics for any video
109,324,Wedding Highlight Reel,Emotional highlight reel with music and color grade
110,836,Real Estate Walkthrough Edit,Smooth walkthrough edit with text overlays and music
111,858,Documentary Editing,Story-driven documentary with interviews and B-roll
112,512,Animation & Motion Graphics,Custom animations and motion graphics for any video
113,151,Testimonial Video Edit,Authentic testimonial video with branding and subtitles
114,291,Wedding Highlight Reel,Emotional highlight reel with music and color grade
115,765,Short Form Reels Editing,TikTok and Instagram reels with captions and effects
116,614,Event Recap Video,Engaging event recap with highlights and graphics
117,317,Social Media Ad Edit,Scroll-stopping social media ad with captions and CTA
118,706,Gaming Montage Editing,High energy gaming edits with effects and music sync
119,281,Product Review Edit,Clean product review with graphics and call-to-action
120,490,Corporate Promo Video,Polished corporate promo with branding and animations
121,507,Real Estate Walkthrough Edit,Smooth walkthrough edit with text overlays and music
122,722,Sports Highlight Reel,Fast-paced sports montage with slow-mo and effects
123,61,Event Recap Video,Engaging event recap with highlights and graphics
124,157,Corporate Promo Video,Polished corporate promo with branding and animations
125,869,Documentary Editing,Story-driven documentary with interviews and B-roll
126,718,Short Form Reels Editing,TikTok and Instagram reels with captions and effects
127,946,Music Video Editing,Dynamic music video with beat-synced cuts and effects
128,878,Cinematic Color Grade,Film-grade color correction and grading for any footage
129,745,Sports Highlight Reel,Fast-paced sports montage with slow-mo and effects
130,307,Music Video Editing,Dynamic music video with beat-synced cuts and effects
131,23,Fitness Transformation Video,Before and after fitness video with energetic music
132,402,Event Recap Video,Engaging event recap with highlights and graphics
133,433,Cinematic Color Grade,Film-grade color correction and grading for any footage
134,357,Sports Highlight Reel,Fast-paced sports montage with slow-mo and effects
135,401,Podcast Video Editing,Clean podcast editing with audio sync and visuals
136,541,Real Estate Walkthrough Edit,Smooth walkthrough edit with text overlays and music
137,290,Corporate Promo Video,Polished corporate promo with branding and animations
138,718,Fitness Transformation Video,Before and after fitness video with energetic music
139,404,Gaming Montage Editing,High energy gaming edits with effects and music sync
140,135,Event Recap Video,Engaging event recap with highlights and graphics
141,771,Product Review Edit,Clean product review with graphics and call-to-action
142,887,Short Form Reels Editing,TikTok and Instagram reels with captions and effects
143,871,Real Estate Walkthrough Edit,Smooth walkthrough edit with text overlays and music
144,469,Music Video Editing,Dynamic music video with beat-synced cuts and effects
145,592,Wedding Highlight Reel,Emotional highlight reel with music and color grade
146,453,Cinematic Color Grade,Film-grade color correction and grading for any footage
147,299,Wedding Highlight Reel,Emotional highlight reel with music and color grade
148,215,Corporate Promo Video,Polished corporate promo with branding and animations
149,824,Corporate Promo Video,Polished corporate promo with branding and animations
150,753,YouTube Video Editing,"Professional YouTube editing with cuts, transitions, color correction"
151,371,Product Review Edit,Clean product review with graphics and call-to-action
152,105,Wedding Highlight Reel,Emotional highlight reel with music and color grade
153,386,Interview Editing,Professional interview edit with lower thirds and cutaways
154,696,Music Video Editing,Dynamic music video with beat-synced cuts and effects
155,949,Short Form Reels Editing,TikTok and Instagram reels with captions and effects
156,99,Tutorial/Educational Edit,Clear tutorial edit with screen recordings and annotations
157,998,Cinematic Color Grade,Film-grade color correction and grading for any footage
158,184,Short Form Reels Editing,TikTok and Instagram reels with captions and effects
159,121,Social Media Ad Edit,Scroll-stopping social media ad with captions and CTA
160,666,Event Recap Video,Engaging event recap with highlights and graphics
161,608,Interview Editing,Professional interview edit with lower thirds and cutaways
162,994,Wedding Highlight Reel,Emotional highlight reel with music and color grade
163,643,Sports Highlight Reel,Fast-paced sports montage with slow-mo and effects
164,251,Short Form Reels Editing,TikTok and Instagram reels with captions and effects
165,122,Documentary Editing,Story-driven documentary with interviews and B-roll
166,407,Cinematic Color Grade,Film-grade color correction and grading for any footage
167,310,Testimonial Video Edit,Authentic testimonial video with branding and subtitles
168,978,Music Video Editing,Dynamic music video with beat-synced cuts and effects
169,669,Sports Highlight Reel,Fast-paced sports montage with slow-mo and effects
170,795,Podcast Video Editing,Clean podcast editing with audio sync and visuals
171,797,Animation & Motion Graphics,Custom animations and motion graphics for any video
172,886,Sports Highlight Reel,Fast-paced sports montage with slow-mo and effects
173,282,Animation & Motion Graphics,Custom animations and motion graphics for any video
174,377,YouTube Video Editing,"Professional YouTube editing with cuts, transitions, color correction"
175,123,Gaming Montage Editing,High energy gaming edits with effects and music sync
176,85,Gaming Montage Editing,High energy gaming edits with effects and music sync
177,501,Social Media Ad Edit,Scroll-stopping social media ad with captions and CTA
178,231,YouTube Video Editing,"Professional YouTube editing with cuts, transitions, color correction"
179,601,Product Review Edit,Clean product review with graphics and call-to-action
180,587,Cinematic Color Grade,Film-grade color correction and grading for any footage
181,281,Gaming Montage Editing,High energy gaming edits with effects and music sync
182,814,Product Review Edit,Clean product review with graphics and call-to-action
183,186,Sports Highlight Reel,Fast-paced sports montage with slow-mo and effects
184,496,Interview Editing,Professional interview edit with lower thirds and cutaways
185,306,Product Review Edit,Clean product review with graphics and call-to-action
186,129,Gaming Montage Editing,High energy gaming edits with effects and music sync
187,334,Podcast Video Editing,Clean podcast editing with audio sync and visuals
188,731,Fitness Transformation Video,Before and after fitness video with energetic music
189,190,Sports Highlight Reel,Fast-paced sports montage with slow-mo and effects
190,833,YouTube Video Editing,"Professional YouTube editing with cuts, transitions, color correction"
191,404,Fitness Transformation Video,Before and after fitness video with energetic music
192,838,Fitness Transformation Video,Before and after fitness video with energetic music
193,803,Social Media Ad Edit,Scroll-stopping social media ad with captions and CTA
194,501,Podcast Video Editing,Clean podcast editing with audio sync and visuals
195,532,Product Review Edit,Clean product review with graphics and call-to-action
196,552,Gaming Montage Editing,High energy gaming edits with effects and music sync
197,772,Corporate Promo Video,Polished corporate promo with branding and animations
198,989,Gaming Montage Editing,High energy gaming edits with effects and music sync
199,186,Testimonial Video Edit,Authentic testimonial video with branding and subtitles
200,712,Music Video Editing,Dynamic music video with beat-synced cuts and effects
201,6,Fitness Transformation Video,Before and after fitness video with energetic music
202,458,Event Recap Video,Engaging event recap with highlights and graphics
203,126,Short Form Reels Editing,TikTok and Instagram reels with captions and effects
204,132,Product Review Edit,Clean product review with graphics and call-to-action
205,212,Music Video Editing,Dynamic music video with beat-synced cuts and effects
206,90,Fitness Transformation Video,Before and after fitness video with energetic music
207,263,Short Form Reels Editing,TikTok and Instagram reels with captions and effects
208,87,Gaming Montage Editing,High energy gaming edits with effects and music sync
209,519,Real Estate Walkthrough Edit,Smooth walkthrough edit with text overlays and music
210,373,Fitness Transformation Video,Before and after fitness video with energetic music
211,176,Interview Editing,Professional interview edit with lower thirds and cutaways
212,968,YouTube Video Editing,"Professional YouTube editing with cuts, transitions, color correction"
213,255,Real Estate Walkthrough Edit,Smooth walkthrough edit with text overlays and music
214,48,Social Media Ad Edit,Scroll-stopping social media ad with captions and CTA
215,927,Real Estate Walkthrough Edit,Smooth walkthrough edit with text overlays and music
216,675,Fitness Transformation Video,Before and after fitness video with energetic music
217,456,Wedding Highlight Reel,Emotional highlight reel with music and color grade
218,591,Cinematic Color Grade,Film-grade color correction and grading for any footage
219,712,Event Recap Video,Engaging event recap with highlights and graphics
220,536,Tutorial/Educational Edit,Clear tutorial edit with screen recordings and annotations
221,621,Fitness Transformation Video,Before and after fitness video with energetic music
222,523,Corporate Promo Video,Polished corporate promo with branding and animations
223,705,Gaming Montage Editing,High energy gaming edits with effects and music sync
224,679,Short Form Reels Editing,TikTok and Instagram reels with captions and effects
225,243,Short Form Reels Editing,TikTok and Instagram reels with captions and effects
226,193,Wedding Highlight Reel,Emotional highlight reel with music and color grade
227,307,Corporate Promo Video,Polished corporate promo with branding and animations
228,981,Wedding Highlight Reel,Emotional highlight reel with music and color grade
229,617,Fitness Transformation Video,Before and after fitness video with energetic music
230,222,Product Review Edit,Clean product review with graphics and call-to-action
231,368,Travel Vlog Editing,Vibrant travel vlog with cinematic color and transitions
232,132,Testimonial Video Edit,Authentic testimonial video with branding and subtitles
233,433,Podcast Video Editing,Clean podcast editing with audio sync and visuals
234,564,Travel Vlog Editing,Vibrant travel vlog with cinematic color and transitions
235,267,Sports Highlight Reel,Fast-paced sports montage with slow-mo and effects
236,666,Music Video Editing,Dynamic music video with beat-synced cuts and effects
237,410,Animation & Motion Graphics,Custom animations and motion graphics for any video
238,86,Travel Vlog Editing,Vibrant travel vlog with cinematic color and transitions
239,693,Interview Editing,Professional interview edit with lower thirds and cutaways
240,963,Wedding Highlight Reel,Emotional highlight reel with music and color grade
241,549,Corporate Promo Video,Polished corporate promo with branding and animations
242,73,Travel Vlog Editing,Vibrant travel vlog with cinematic color and transitions
243,649,Corporate Promo Video,Polished corporate promo with branding and animations
244,732,Tutorial/Educational Edit,Clear tutorial edit with screen recordings and annotations
245,578,Social Media Ad Edit,Scroll-stopping social media ad with captions and CTA
246,620,Music Video Editing,Dynamic music video with beat-synced cuts and effects
247,430,Wedding Highlight Reel,Emotional highlight reel with music and color grade
248,324,Interview Editing,Professional interview edit with lower thirds and cutaways
249,389,YouTube Video Editing,"Professional YouTube editing with cuts, transitions, color correction"
250,988,Testimonial Video Edit,Authentic testimonial video with branding and subtitles
251,254,Podcast Video Editing,Clean podcast editing with audio sync and visuals
252,277,Gaming Montage Editing,High energy gaming edits with effects and music sync
253,545,Gaming Montage Editing,High energy gaming edits with effects and music sync
254,701,Fitness Transformation Video,Before and after fitness video with energetic music
255,417,Podcast Video Editing,Clean podcast editing with audio sync and visuals
256,338,Podcast Video Editing,Clean podcast editing with audio sync and visuals
257,372,Event Recap Video,Engaging event recap with highlights and graphics
258,797,Travel Vlog Editing,Vibrant travel vlog with cinematic color and transitions
259,150,Documentary Editing,Story-driven documentary with interviews and B-roll
260,281,YouTube Video Editing,"Professional YouTube editing with cuts, transitions, color correction"
261,101,Sports Highlight Reel,Fast-paced sports montage with slow-mo and effects
262,993,Documentary Editing,Story-driven documentary with interviews and B-roll
263,388,Gaming Montage Editing,High energy gaming edits with effects and music sync
264,802,Gaming Montage Editing,High energy gaming edits with effects and music sync
265,180,Social Media Ad Edit,Scroll-stopping social media ad with captions and CTA
266,746,Real Estate Walkthrough Edit,Smooth walkthrough edit with text overlays and music
267,603,Cinematic Color Grade,Film-grade color correction and grading for any footage
268,98,Social Media Ad Edit,Scroll-stopping social media ad with captions and CTA
269,358,Product Review Edit,Clean product review with graphics and call-to-action
270,887,Real Estate Walkthrough Edit,Smooth walkthrough edit with text overlays and music
271,565,Travel Vlog Editing,Vibrant travel vlog with cinematic color and transitions
272,623,Gaming Montage Editing,High energy gaming edits with effects and music sync
273,919,Short Form Reels Editing,TikTok and Instagram reels with captions and effects
274,175,Event Recap Video,Engaging event recap with highlights and graphics
275,970,Sports Highlight Reel,Fast-paced sports montage with slow-mo and effects
276,186,Tutorial/Educational Edit,Clear tutorial edit with screen recordings and annotations
277,826,Fitness Transformation Video,Before and after fitness video with energetic music
278,565,Testimonial Video Edit,Authentic testimonial video with branding and subtitles
279,904,Sports Highlight Reel,Fast-paced sports montage with slow-mo and effects
280,489,Product Review Edit,Clean product review with graphics and call-to-action
281,131,Travel Vlog Editing,Vibrant travel vlog with cinematic color and transitions
282,10,Social Media Ad Edit,Scroll-stopping social media ad with captions and CTA
283,731,Wedding Highlight Reel,Emotional highlight reel with music and color grade
284,674,Wedding Highlight Reel,Emotional highlight reel with music and color grade
285,147,Sports Highlight Reel,Fast-paced sports montage with slow-mo and effects
286,582,Travel Vlog Editing,Vibrant travel vlog with cinematic color and transitions
287,55,Tutorial/Educational Edit,Clear tutorial edit with screen recordings and annotations
288,725,Documentary Editing,Story-driven documentary with interviews and B-roll
289,695,Testimonial Video Edit,Authentic testimonial video with branding and subtitles
290,429,Animation & Motion Graphics,Custom animations and motion graphics for any video
291,188,Animation & Motion Graphics,Custom animations and motion graphics for any video
292,363,Animation & Motion Graphics,Custom animations and motion graphics for any video
293,515,Real Estate Walkthrough Edit,Smooth walkthrough edit with text overlays and music
294,283,Interview Editing,Professional interview edit with lower thirds and cutaways
295,534,Documentary Editing,Story-driven documentary with interviews and B-roll
296,313,Podcast Video Editing,Clean podcast editing with audio sync and visuals
297,971,Real Estate Walkthrough Edit,Smooth walkthrough edit with text overlays and music
298,417,Event Recap Video,Engaging event recap with highlights and graphics
299,866,Podcast Video Editing,Clean podcast editing with audio sync and visuals
300,650,Podcast Video Editing,Clean podcast editing with audio sync and visuals
301,79,Documentary Editing,Story-driven documentary with interviews and B-roll
302,968,Podcast Video Editing,Clean podcast editing with audio sync and visuals
303,170,Product Review Edit,Clean product review with graphics and call-to-action
304,59,Podcast Video Editing,Clean podcast editing with audio sync and visuals
305,762,Real Estate Walkthrough Edit,Smooth walkthrough edit with text overlays and music
306,568,Cinematic Color Grade,Film-grade color correction and grading for any footage
307,828,YouTube Video Editing,"Professional YouTube editing with cuts, transitions, color correction"
308,986,Interview Editing,Professional interview edit with lower thirds and cutaways
309,694,Social Media Ad Edit,Scroll-stopping social media ad with captions and CTA
310,955,Wedding Highlight Reel,Emotional highlight reel with music and color grade
311,492,Cinematic Color Grade,Film-grade color correction and grading for any footage
312,528,Fitness Transformation Video,Before and after fitness video with energetic music
313,715,Gaming Montage Editing,High energy gaming edits with effects and music sync
314,416,YouTube Video Editing,"Professional YouTube editing with cuts, transitions, color correction"
315,632,Corporate Promo Video,Polished corporate promo with branding and animations
316,933,YouTube Video Editing,"Professional YouTube editing with cuts, transitions, color correction"
317,732,Interview Editing,Professional interview edit with lower thirds and cutaways
318,720,Fitness Transformation Video,Before and after fitness video with energetic music
319,768,Tutorial/Educational Edit,Clear tutorial edit with screen recordings and annotations
320,251,Social Media Ad Edit,Scroll-stopping social media ad with captions and CTA
321,701,Testimonial Video Edit,Authentic testimonial video with branding and subtitles
322,44,Testimonial Video Edit,Authentic testimonial video with branding and subtitles
323,460,Music Video Editing,Dynamic music video with beat-synced cuts and effects
324,691,Social Media Ad Edit,Scroll-stopping social media ad with captions and CTA
325,926,Documentary Editing,Story-driven documentary with interviews and B-roll
326,180,Podcast Video Editing,Clean podcast editing with audio sync and visuals
327,376,Wedding Highlight Reel,Emotional highlight reel with music and color grade
328,527,Tutorial/Educational Edit,Clear tutorial edit with screen recordings and annotations
329,976,Short Form Reels Editing,TikTok and Instagram reels with captions and effects
330,433,Cinematic Color Grade,Film-grade color correction and grading for any footage
331,389,Music Video Editing,Dynamic music video with beat-synced cuts and effects
332,383,Gaming Montage Editing,High energy gaming edits with effects and music sync
333,347,Documentary Editing,Story-driven documentary with interviews and B-roll
334,852,Fitness Transformation Video,Before and after fitness video with energetic music
335,872,Gaming Montage Editing,High energy gaming edits with effects and music sync
336,298,Real Estate Walkthrough Edit,Smooth walkthrough edit with text overlays and music
337,495,Real Estate Walkthrough Edit,Smooth walkthrough edit with text overlays and music
338,272,Corporate Promo Video,Polished corporate promo with branding and animations
339,3,Product Review Edit,Clean product review with graphics and call-to-action
340,404,Corporate Promo Video,Polished corporate promo with branding and animations
341,946,Real Estate Walkthrough Edit,Smooth walkthrough edit with text overlays and music
342,952,Social Media Ad Edit,Scroll-stopping social media ad with captions and CTA
343,846,Short Form Reels Editing,TikTok and Instagram reels with captions and effects
344,958,Animation & Motion Graphics,Custom animations and motion graphics for any video
345,914,Testimonial Video Edit,Authentic testimonial video with branding and subtitles
346,869,Cinematic Color Grade,Film-grade color correction and grading for any footage
347,59,Tutorial/Educational Edit,Clear tutorial edit with screen recordings and annotations
348,7,Testimonial Video Edit,Authentic testimonial video with branding and subtitles
349,472,Event Recap Video,Engaging event recap with highlights and graphics
350,306,Tutorial/Educational Edit,Clear tutorial edit with screen recordings and annotations
351,110,YouTube Video Editing,"Professional YouTube editing with cuts, transitions, color correction"
352,359,Music Video Editing,Dynamic music video with beat-synced cuts and effects
353,412,Tutorial/Educational Edit,Clear tutorial edit with screen recordings and annotations
354,10,Gaming Montage Editing,High energy gaming edits with effects and music sync
355,442,Cinematic Color Grade,Film-grade color correction and grading for any footage
356,203,Podcast Video Editing,Clean podcast editing with audio sync and visuals
357,542,Social Media Ad Edit,Scroll-stopping social media ad with captions and CTA
358,921,Wedding Highlight Reel,Emotional highlight reel with music and color grade
359,421,Gaming Montage Editing,High energy gaming edits with effects and music sync
360,936,Cinematic Color Grade,Film-grade color correction and grading for any footage
361,8,Wedding Highlight Reel,Emotional highlight reel with music and color grade
362,788,Travel Vlog Editing,Vibrant travel vlog with cinematic color and transitions
363,232,Cinematic Color Grade,Film-grade color correction and grading for any footage
364,405,Tutorial/Educational Edit,Clear tutorial edit with screen recordings and annotations
365,307,Tutorial/Educational Edit,Clear tutorial edit with screen recordings and annotations
366,439,Music Video Editing,Dynamic music video with beat-synced cuts and effects
367,550,Travel Vlog Editing,Vibrant travel vlog with cinematic color and transitions
368,112,Animation & Motion Graphics,Custom animations and motion graphics for any video
369,673,Animation & Motion Graphics,Custom animations and motion graphics for any video
370,166,Wedding Highlight Reel,Emotional highlight reel with music and color grade
371,363,Interview Editing,Professional interview edit with lower thirds and cutaways
372,6,Tutorial/Educational Edit,Clear tutorial edit with screen recordings and annotations
373,905,Corporate Promo Video,Polished corporate promo with branding and animations
374,114,Corporate Promo Video,Polished corporate promo with branding and animations
375,292,Short Form Reels Editing,TikTok and Instagram reels with captions and effects
376,137,Sports Highlight Reel,Fast-paced sports montage with slow-mo and effects
377,432,Event Recap Video,Engaging event recap with highlights and graphics
378,923,Short Form Reels Editing,TikTok and Instagram reels with captions and effects
379,165,Corporate Promo Video,Polished corporate promo with branding and animations
380,972,Cinematic Color Grade,Film-grade color correction and grading for any footage
381,983,Travel Vlog Editing,Vibrant travel vlog with cinematic color and transitions
382,122,Interview Editing,Professional interview edit with lower thirds and cutaways
383,501,Fitness Transformation Video,Before and after fitness video with energetic music
384,508,Wedding Highlight Reel,Emotional highlight reel with music and color grade
385,333,Sports Highlight Reel,Fast-paced sports montage with slow-mo and effects
386,514,Sports Highlight Reel,Fast-paced sports montage with slow-mo and effects
387,135,Gaming Montage Editing,High energy gaming edits with effects and music sync
388,981,Gaming Montage Editing,High energy gaming edits with effects and music sync
389,812,YouTube Video Editing,"Professional YouTube editing with cuts, transitions, color correction"
390,130,Wedding Highlight Reel,Emotional highlight reel with music and color grade
391,353,Social Media Ad Edit,Scroll-stopping social media ad with captions and CTA
392,14,Documentary Editing,Story-driven documentary with interviews and B-roll
393,54,Event Recap Video,Engaging event recap with highlights and graphics
394,440,Testimonial Video Edit,Authentic testimonial video with branding and subtitles
395,756,YouTube Video Editing,"Professional YouTube editing with cuts, transitions, color correction"
396,445,Cinematic Color Grade,Film-grade color correction and grading for any footage
397,297,Real Estate Walkthrough Edit,Smooth walkthrough edit with text overlays and music
398,498,Podcast Video Editing,Clean podcast editing with audio sync and visuals
399,780,Interview Editing,Professional interview edit with lower thirds and cutaways
400,254,Testimonial Video Edit,Authentic testimonial video with branding and subtitles
401,157,Social Media Ad Edit,Scroll-stopping social media ad with captions and CTA
402,192,Documentary Editing,Story-driven documentary with interviews and B-roll
403,288,Gaming Montage Editing,High energy gaming edits with effects and music sync
404,885,Travel Vlog Editing,Vibrant travel vlog with cinematic color and transitions
405,718,Documentary Editing,Story-driven documentary with interviews and B-roll
406,683,Interview Editing,Professional interview edit with lower thirds and cutaways
407,204,Cinematic Color Grade,Film-grade color correction and grading for any footage
408,724,Gaming Montage Editing,High energy gaming edits with effects and music sync
409,718,Social Media Ad Edit,Scroll-stopping social media ad with captions and CTA
410,626,Music Video Editing,Dynamic music video with beat-synced cuts and effects
411,194,Product Review Edit,Clean product review with graphics and call-to-action
412,645,Wedding Highlight Reel,Emotional highlight reel with music and color grade
413,235,Gaming Montage Editing,High energy gaming edits with effects and music sync
414,136,Sports Highlight Reel,Fast-paced sports montage with slow-mo and effects
415,40,Travel Vlog Editing,Vibrant travel vlog with cinematic color and transitions
416,197,Wedding Highlight Reel,Emotional highlight reel with music and color grade
417,437,YouTube Video Editing,"Professional YouTube editing with cuts, transitions, color correction"
418,632,Corporate Promo Video,Polished corporate promo with branding and animations
419,94,Short Form Reels Editing,TikTok and Instagram reels with captions and effects
420,390,Interview Editing,Professional interview edit with lower thirds and cutaways
421,538,Real Estate Walkthrough Edit,Smooth walkthrough edit with text overlays and music
422,717,Documentary Editing,Story-driven documentary with interviews and B-roll
423,228,Event Recap Video,Engaging event recap with highlights and graphics
424,437,Cinematic Color Grade,Film-grade color correction and grading for any footage
425,63,Social Media Ad Edit,Scroll-stopping social media ad with captions and CTA
426,438,Short Form Reels Editing,TikTok and Instagram reels with captions and effects
427,312,Gaming Montage Editing,High energy gaming edits with effects and music sync
428,276,Tutorial/Educational Edit,Clear tutorial edit with screen recordings and annotations
429,288,Tutorial/Educational Edit,Clear tutorial edit with screen recordings and annotations
430,729,Interview Editing,Professional interview edit with lower thirds and cutaways
431,253,Event Recap Video,Engaging event recap with highlights and graphics
432,917,Short Form Reels Editing,TikTok and Instagram reels with captions and effects
433,187,Short Form Reels Editing,TikTok and Instagram reels with captions and effects
434,1,Short Form Reels Editing,TikTok and Instagram reels with captions and effects
435,677,Event Recap Video,Engaging event recap with highlights and graphics
436,218,Real Estate Walkthrough Edit,Smooth walkthrough edit with text overlays and music
437,484,Travel Vlog Editing,Vibrant travel vlog with cinematic color and transitions
438,931,Testimonial Video Edit,Authentic testimonial video with branding and subtitles
439,104,Interview Editing,Professional interview edit with lower thirds and cutaways
440,190,Travel Vlog Editing,Vibrant travel vlog with cinematic color and transitions
441,972,Cinematic Color Grade,Film-grade color correction and grading for any footage
442,373,Event Recap Video,Engaging event recap with highlights and graphics
443,312,Gaming Montage Editing,High energy gaming edits with effects and music sync
444,100,YouTube Video Editing,"Professional YouTube editing with cuts, transitions, color correction"
445,700,Fitness Transformation Video,Before and after fitness video with energetic music
446,789,Wedding Highlight Reel,Emotional highlight reel with music and color grade
447,340,Tutorial/Educational Edit,Clear tutorial edit with screen recordings and annotations
448,760,Tutorial/Educational Edit,Clear tutorial edit with screen recordings and annotations
449,761,Product Review Edit,Clean product review with graphics and call-to-action
450,542,Testimonial Video Edit,Authentic testimonial video with branding and subtitles
451,381,Documentary Editing,Story-driven documentary with interviews and B-roll
452,666,Travel Vlog Editing,Vibrant travel vlog with cinematic color and transitions
453,216,Product Review Edit,Clean product review with graphics and call-to-action
454,394,Podcast Video Editing,Clean podcast editing with audio sync and visuals
455,909,Gaming Montage Editing,High energy gaming edits with effects and music sync
456,134,Testimonial Video Edit,Authentic testimonial video with branding and subtitles
457,124,Short Form Reels Editing,TikTok and Instagram reels with captions and effects
458,601,Corporate Promo Video,Polished corporate promo with branding and animations
459,198,Animation & Motion Graphics,Custom animations and motion graphics for any video
460,948,Gaming Montage Editing,High energy gaming edits with effects and music sync
461,77,Fitness Transformation Video,Before and after fitness video with energetic music
462,634,Event Recap Video,Engaging event recap with highlights and graphics
463,309,Cinematic Color Grade,Film-grade color correction and grading for any footage
464,780,Corporate Promo Video,Polished corporate promo with branding and animations
465,547,Wedding Highlight Reel,Emotional highlight reel with music and color grade
466,45,Wedding Highlight Reel,Emotional highlight reel with music and color grade
467,197,Interview Editing,Professional interview edit with lower thirds and cutaways
468,564,Travel Vlog Editing,Vibrant travel vlog with cinematic color and transitions
469,913,Fitness Transformation Video,Before and after fitness video with energetic music
470,999,Tutorial/Educational Edit,Clear tutorial edit with screen recordings and annotations
471,917,Tutorial/Educational Edit,Clear tutorial edit with screen recordings and annotations
472,460,Gaming Montage Editing,High energy gaming edits with effects and music sync
473,933,Interview Editing,Professional interview edit with lower thirds and cutaways
474,70,Cinematic Color Grade,Film-grade color correction and grading for any footage
475,430,Social Media Ad Edit,Scroll-stopping social media ad with captions and CTA
476,954,Social Media Ad Edit,Scroll-stopping social media ad with captions and CTA
477,810,YouTube Video Editing,"Professional YouTube editing with cuts, transitions, color correction"
478,171,Testimonial Video Edit,Authentic testimonial video with branding and subtitles
479,281,Wedding Highlight Reel,Emotional highlight reel with music and color grade
480,297,Short Form Reels Editing,TikTok and Instagram reels with captions and effects
481,979,Product Review Edit,Clean product review with graphics and call-to-action
482,63,Corporate Promo Video,Polished corporate promo with branding and animations
483,759,Sports Highlight Reel,Fast-paced sports montage with slow-mo and effects
484,507,Fitness Transformation Video,Before and after fitness video with energetic music
485,892,Social Media Ad Edit,Scroll-stopping social media ad with captions and CTA
486,995,Podcast Video Editing,Clean podcast editing with audio sync and visuals
487,170,Animation & Motion Graphics,Custom animations and motion graphics for any video
488,769,Social Media Ad Edit,Scroll-stopping social media ad with captions and CTA
489,394,Fitness Transformation Video,Before and after fitness video with energetic music
490,799,Sports Highlight Reel,Fast-paced sports montage with slow-mo and effects
491,411,Testimonial Video Edit,Authentic testimonial video with branding and subtitles
492,279,Corporate Promo Video,Polished corporate promo with branding and animations
493,189,YouTube Video Editing,"Professional YouTube editing with cuts, transitions, color correction"
494,164,Product Review Edit,Clean product review with graphics and call-to-action
495,224,Product Review Edit,Clean product review with graphics and call-to-action
496,714,YouTube Video Editing,"Professional YouTube editing with cuts, transitions, color correction"
497,901,Social Media Ad Edit,Scroll-stopping social media ad with captions and CTA
498,467,Social Media Ad Edit,Scroll-stopping social media ad with captions and CTA
499,725,Social Media Ad Edit,Scroll-stopping social media ad with captions and CTA
500,266,Real Estate Walkthrough Edit,Smooth walkthrough edit with text overlays and music
501,873,Documentary Editing,Story-driven documentary with interviews and B-roll
502,304,Travel Vlog Editing,Vibrant travel vlog with cinematic color and transitions
503,566,Gaming Montage Editing,High energy gaming edits with effects and music sync
504,176,Documentary Editing,Story-driven documentary with interviews and B-roll
505,47,Fitness Transformation Video,Before and after fitness video with energetic music
506,244,Real Estate Walkthrough Edit,Smooth walkthrough edit with text overlays and music
507,41,Wedding Highlight Reel,Emotional highlight reel with music and color grade
508,965,Travel Vlog Editing,Vibrant travel vlog with cinematic color and transitions
509,950,Wedding Highlight Reel,Emotional highlight reel with music and color grade
510,277,Short Form Reels Editing,TikTok and Instagram reels with captions and effects
511,658,Documentary Editing,Story-driven documentary with interviews and B-roll
512,844,Corporate Promo Video,Polished corporate promo with branding and animations
513,548,Gaming Montage Editing,High energy gaming edits with effects and music sync
514,2,Tutorial/Educational Edit,Clear tutorial edit with screen recordings and annotations
515,648,Testimonial Video Edit,Authentic testimonial video with branding and subtitles
516,996,Tutorial/Educational Edit,Clear tutorial edit with screen recordings and annotations
517,333,Podcast Video Editing,Clean podcast editing with audio sync and visuals
518,970,Fitness Transformation Video,Before and after fitness video with energetic music
519,271,Wedding Highlight Reel,Emotional highlight reel with music and color grade
520,419,Testimonial Video Edit,Authentic testimonial video with branding and subtitles
521,302,Event Recap Video,Engaging event recap with highlights and graphics
522,59,YouTube Video Editing,"Professional YouTube editing with cuts, transitions, color correction"
523,844,Tutorial/Educational Edit,Clear tutorial edit with screen recordings and annotations
524,225,Travel Vlog Editing,Vibrant travel vlog with cinematic color and transitions
525,181,Travel Vlog Editing,Vibrant travel vlog with cinematic color and transitions
526,995,YouTube Video Editing,"Professional YouTube editing with cuts, transitions, color correction"
527,551,Product Review Edit,Clean product review with graphics and call-to-action
528,109,Sports Highlight Reel,Fast-paced sports montage with slow-mo and effects
529,969,Travel Vlog Editing,Vibrant travel vlog with cinematic color and transitions
530,891,Testimonial Video Edit,Authentic testimonial video with branding and subtitles
531,565,Corporate Promo Video,Polished corporate promo with branding and animations
532,837,Animation & Motion Graphics,Custom animations and motion graphics for any video
533,226,Event Recap Video,Engaging event recap with highlights and graphics
534,276,Corporate Promo Video,Polished corporate promo with branding and animations
535,596,Sports Highlight Reel,Fast-paced sports montage with slow-mo and effects
536,160,Animation & Motion Graphics,Custom animations and motion graphics for any video
537,238,Interview Editing,Professional interview edit with lower thirds and cutaways
538,378,Wedding Highlight Reel,Emotional highlight reel with music and color grade
539,924,Cinematic Color Grade,Film-grade color correction and grading for any footage
540,96,Cinematic Color Grade,Film-grade color correction and grading for any footage
541,186,Animation & Motion Graphics,Custom animations and motion graphics for any video
542,190,Music Video Editing,Dynamic music video with beat-synced cuts and effects
543,194,Product Review Edit,Clean product review with graphics and call-to-action
544,503,Music Video Editing,Dynamic music video with beat-synced cuts and effects
545,664,Real Estate Walkthrough Edit,Smooth walkthrough edit with text overlays and music
546,22,Real Estate Walkthrough Edit,Smooth walkthrough edit with text overlays and music
547,167,Music Video Editing,Dynamic music video with beat-synced cuts and effects
548,838,Sports Highlight Reel,Fast-paced sports montage with slow-mo and effects
549,704,Testimonial Video Edit,Authentic testimonial video with branding and subtitles
550,193,Podcast Video Editing,Clean podcast editing with audio sync and visuals
551,147,Podcast Video Editing,Clean podcast editing with audio sync and visuals
552,437,Documentary Editing,Story-driven documentary with interviews and B-roll
553,466,Sports Highlight Reel,Fast-paced sports montage with slow-mo and effects
554,103,Social Media Ad Edit,Scroll-stopping social media ad with captions and CTA
555,141,YouTube Video Editing,"Professional YouTube editing with cuts, transitions, color correction"
556,618,Gaming Montage Editing,High energy gaming edits with effects and music sync
557,387,Sports Highlight Reel,Fast-paced sports montage with slow-mo and effects
558,22,Gaming Montage Editing,High energy gaming edits with effects and music sync
559,847,YouTube Video Editing,"Professional YouTube editing with cuts, transitions, color correction"
560,782,Short Form Reels Editing,TikTok and Instagram reels with captions and effects
561,136,Documentary Editing,Story-driven documentary with interviews and B-roll
562,789,Podcast Video Editing,Clean podcast editing with audio sync and visuals
563,275,Wedding Highlight Reel,Emotional highlight reel with music and color grade
564,962,Testimonial Video Edit,Authentic testimonial video with branding and subtitles
565,14,YouTube Video Editing,"Professional YouTube editing with cuts, transitions, color correction"
566,981,Gaming Montage Editing,High energy gaming edits with effects and music sync
567,556,Event Recap Video,Engaging event recap with highlights and graphics
568,874,Podcast Video Editing,Clean podcast editing with audio sync and visuals
569,208,Wedding Highlight Reel,Emotional highlight reel with music and color grade
570,492,Product Review Edit,Clean product review with graphics and call-to-action
571,914,Animation & Motion Graphics,Custom animations and motion graphics for any video
572,836,Music Video Editing,Dynamic music video with beat-synced cuts and effects
573,315,Event Recap Video,Engaging event recap with highlights and graphics
574,491,Wedding Highlight Reel,Emotional highlight reel with music and color grade
575,250,Short Form Reels Editing,TikTok and Instagram reels with captions and effects
576,557,Travel Vlog Editing,Vibrant travel vlog with cinematic color and transitions
577,643,Fitness Transformation Video,Before and after fitness video with energetic music
578,127,YouTube Video Editing,"Professional YouTube editing with cuts, transitions, color correction"
579,845,Short Form Reels Editing,TikTok and Instagram reels with captions and effects
580,106,Fitness Transformation Video,Before and after fitness video with energetic music
581,304,Gaming Montage Editing,High energy gaming edits with effects and music sync
582,524,Interview Editing,Professional interview edit with lower thirds and cutaways
583,146,YouTube Video Editing,"Professional YouTube editing with cuts, transitions, color correction"
584,935,Documentary Editing,Story-driven documentary with interviews and B-roll
585,25,Documentary Editing,Story-driven documentary with interviews and B-roll
586,438,Sports Highlight Reel,Fast-paced sports montage with slow-mo and effects
587,151,Tutorial/Educational Edit,Clear tutorial edit with screen recordings and annotations
588,672,Real Estate Walkthrough Edit,Smooth walkthrough edit with text overlays and music
589,232,Sports Highlight Reel,Fast-paced sports montage with slow-mo and effects
590,704,Gaming Montage Editing,High energy gaming edits with effects and music sync
591,504,Music Video Editing,Dynamic music video with beat-synced cuts and effects
592,113,Documentary Editing,Story-driven documentary with interviews and B-roll
593,105,Real Estate Walkthrough Edit,Smooth walkthrough edit with text overlays and music
594,366,Podcast Video Editing,Clean podcast editing with audio sync and visuals
595,631,Event Recap Video,Engaging event recap with highlights and graphics
596,122,Tutorial/Educational Edit,Clear tutorial edit with screen recordings and annotations
597,946,Podcast Video Editing,Clean podcast editing with audio sync and visuals
598,918,Short Form Reels Editing,TikTok and Instagram reels with captions and effects
599,620,Wedding Highlight Reel,Emotional highlight reel with music and color grade
600,183,Interview Editing,Professional interview edit with lower thirds and cutaways
601,544,Event Recap Video,Engaging event recap with highlights and graphics
602,615,Music Video Editing,Dynamic music video with beat-synced cuts and effects
603,696,Interview Editing,Professional interview edit with lower thirds and cutaways
604,154,Real Estate Walkthrough Edit,Smooth walkthrough edit with text overlays and music
605,640,Real Estate Walkthrough Edit,Smooth walkthrough edit with text overlays and music
606,357,Gaming Montage Editing,High energy gaming edits with effects and music sync
607,278,Cinematic Color Grade,Film-grade color correction and grading for any footage
608,678,Tutorial/Educational Edit,Clear tutorial edit with screen recordings and annotations
609,956,Travel Vlog Editing,Vibrant travel vlog with cinematic color and transitions
610,831,Podcast Video Editing,Clean podcast editing with audio sync and visuals
611,808,YouTube Video Editing,"Professional YouTube editing with cuts, transitions, color correction"
612,883,Wedding Highlight Reel,Emotional highlight reel with music and color grade
613,797,Wedding Highlight Reel,Emotional highlight reel with music and color grade
614,328,Wedding Highlight Reel,Emotional highlight reel with music and color grade
615,400,Animation & Motion Graphics,Custom animations and motion graphics for any video
616,739,Cinematic Color Grade,Film-grade color correction and grading for any footage
617,835,Podcast Video Editing,Clean podcast editing with audio sync and visuals
618,116,Product Review Edit,Clean product review with graphics and call-to-action
619,438,Travel Vlog Editing,Vibrant travel vlog with cinematic color and transitions
620,149,Podcast Video Editing,Clean podcast editing with audio sync and visuals
621,331,Wedding Highlight Reel,Emotional highlight reel with music and color grade
622,187,Sports Highlight Reel,Fast-paced sports montage with slow-mo and effects
623,362,Event Recap Video,Engaging event recap with highlights and graphics
624,507,Interview Editing,Professional interview edit with lower thirds and cutaways
625,493,Interview Editing,Professional interview edit with lower thirds and cutaways
626,617,Event Recap Video,Engaging event recap with highlights and graphics
627,142,Documentary Editing,Story-driven documentary with interviews and B-roll
628,393,Interview Editing,Professional interview edit with lower thirds and cutaways
629,563,Cinematic Color Grade,Film-grade color correction and grading for any footage
630,552,Fitness Transformation Video,Before and after fitness video with energetic music
631,505,Fitness Transformation Video,Before and after fitness video with energetic music
632,550,Documentary Editing,Story-driven documentary with interviews and B-roll
633,394,Podcast Video Editing,Clean podcast editing with audio sync and visuals
634,595,Interview Editing,Professional interview edit with lower thirds and cutaways
635,540,Product Review Edit,Clean product review with graphics and call-to-action
636,796,Documentary Editing,Story-driven documentary with interviews and B-roll
637,720,Podcast Video Editing,Clean podcast editing with audio sync and visuals
638,241,Tutorial/Educational Edit,Clear tutorial edit with screen recordings and annotations
639,3,Corporate Promo Video,Polished corporate promo with branding and animations
640,872,YouTube Video Editing,"Professional YouTube editing with cuts, transitions, color correction"
641,372,Fitness Transformation Video,Before and after fitness video with energetic music
642,486,Wedding Highlight Reel,Emotional highlight reel with music and color grade
643,944,Gaming Montage Editing,High energy gaming edits with effects and music sync
644,62,Tutorial/Educational Edit,Clear tutorial edit with screen recordings and annotations
645,370,Wedding Highlight Reel,Emotional highlight reel with music and color grade
646,302,Animation & Motion Graphics,Custom animations and motion graphics for any video
647,148,Fitness Transformation Video,Before and after fitness video with energetic music
648,996,Interview Editing,Professional interview edit with lower thirds and cutaways
649,249,Corporate Promo Video,Polished corporate promo with branding and animations
650,848,Documentary Editing,Story-driven documentary with interviews and B-roll
651,58,Wedding Highlight Reel,Emotional highlight reel with music and color grade
652,121,Wedding Highlight Reel,Emotional highlight reel with music and color grade
653,387,YouTube Video Editing,"Professional YouTube editing with cuts, transitions, color correction"
654,713,Interview Editing,Professional interview edit with lower thirds and cutaways
655,381,Short Form Reels Editing,TikTok and Instagram reels with captions and effects
656,719,Gaming Montage Editing,High energy gaming edits with effects and music sync
657,679,Product Review Edit,Clean product review with graphics and call-to-action
658,76,Cinematic Color Grade,Film-grade color correction and grading for any footage
659,858,Testimonial Video Edit,Authentic testimonial video with branding and subtitles
660,892,Music Video Editing,Dynamic music video with beat-synced cuts and effects
661,31,Wedding Highlight Reel,Emotional highlight reel with music and color grade
662,375,Wedding Highlight Reel,Emotional highlight reel with music and color grade
663,81,Documentary Editing,Story-driven documentary with interviews and B-roll
664,79,YouTube Video Editing,"Professional YouTube editing with cuts, transitions, color correction"
665,583,Interview Editing,Professional interview edit with lower thirds and cutaways
666,154,Music Video Editing,Dynamic music video with beat-synced cuts and effects
667,482,Wedding Highlight Reel,Emotional highlight reel with music and color grade
668,767,Social Media Ad Edit,Scroll-stopping social media ad with captions and CTA
669,716,Real Estate Walkthrough Edit,Smooth walkthrough edit with text overlays and music
670,482,Interview Editing,Professional interview edit with lower thirds and cutaways
671,740,Event Recap Video,Engaging event recap with highlights and graphics
672,455,YouTube Video Editing,"Professional YouTube editing with cuts, transitions, color correction"
673,294,Gaming Montage Editing,High energy gaming edits with effects and music sync
674,160,Short Form Reels Editing,TikTok and Instagram reels with captions and effects
675,903,Short Form Reels Editing,TikTok and Instagram reels with captions and effects
676,619,Music Video Editing,Dynamic music video with beat-synced cuts and effects
677,516,Music Video Editing,Dynamic music video with beat-synced cuts and effects
678,12,Sports Highlight Reel,Fast-paced sports montage with slow-mo and effects
679,853,Interview Editing,Professional interview edit with lower thirds and cutaways
680,697,Animation & Motion Graphics,Custom animations and motion graphics for any video
681,568,Travel Vlog Editing,Vibrant travel vlog with cinematic color and transitions
682,942,Product Review Edit,Clean product review with graphics and call-to-action
683,514,Real Estate Walkthrough Edit,Smooth walkthrough edit with text overlays and music
684,727,Documentary Editing,Story-driven documentary with interviews and B-roll
685,434,Music Video Editing,Dynamic music video with beat-synced cuts and effects
686,279,Podcast Video Editing,Clean podcast editing with audio sync and visuals
687,535,Sports Highlight Reel,Fast-paced sports montage with slow-mo and effects
688,974,Wedding Highlight Reel,Emotional highlight reel with music and color grade
689,761,Corporate Promo Video,Polished corporate promo with branding and animations
690,411,Testimonial Video Edit,Authentic testimonial video with branding and subtitles
691,58,Documentary Editing,Story-driven documentary with interviews and B-roll
692,402,Music Video Editing,Dynamic music video with beat-synced cuts and effects
693,843,Fitness Transformation Video,Before and after fitness video with energetic music
694,620,Podcast Video Editing,Clean podcast editing with audio sync and visuals
695,837,Animation & Motion Graphics,Custom animations and motion graphics for any video
696,489,Event Recap Video,Engaging event recap with highlights and graphics
697,669,Sports Highlight Reel,Fast-paced sports montage with slow-mo and effects
698,848,Sports Highlight Reel,Fast-paced sports montage with slow-mo and effects
699,169,Short Form Reels Editing,TikTok and Instagram reels with captions and effects
700,823,Tutorial/Educational Edit,Clear tutorial edit with screen recordings and annotations
701,663,Interview Editing,Professional interview edit with lower thirds and cutaways
702,200,Travel Vlog Editing,Vibrant travel vlog with cinematic color and transitions
703,112,Gaming Montage Editing,High energy gaming edits with effects and music sync
704,80,Tutorial/Educational Edit,Clear tutorial edit with screen recordings and annotations
705,618,Event Recap Video,Engaging event recap with highlights and graphics
706,29,Documentary Editing,Story-driven documentary with interviews and B-roll
707,289,Music Video Editing,Dynamic music video with beat-synced cuts and effects
708,555,Gaming Montage Editing,High energy gaming edits with effects and music sync
709,67,Corporate Promo Video,Polished corporate promo with branding and animations
710,612,YouTube Video Editing,"Professional YouTube editing with cuts, transitions, color correction"
711,775,Real Estate Walkthrough Edit,Smooth walkthrough edit with text overlays and music
712,193,Fitness Transformation Video,Before and after fitness video with energetic music
713,207,Short Form Reels Editing,TikTok and Instagram reels with captions and effects
714,247,Travel Vlog Editing,Vibrant travel vlog with cinematic color and transitions
715,88,Product Review Edit,Clean product review with graphics and call-to-action
716,579,Short Form Reels Editing,TikTok and Instagram reels with captions and effects
717,578,Cinematic Color Grade,Film-grade color correction and grading for any footage
718,47,Short Form Reels Editing,TikTok and Instagram reels with captions and effects
719,323,Podcast Video Editing,Clean podcast editing with audio sync and visuals
720,967,Real Estate Walkthrough Edit,Smooth walkthrough edit with text overlays and music
721,9,Tutorial/Educational Edit,Clear tutorial edit with screen recordings and annotations
722,770,Real Estate Walkthrough Edit,Smooth walkthrough edit with text overlays and music
723,982,Sports Highlight Reel,Fast-paced sports montage with slow-mo and effects
724,513,Corporate Promo Video,Polished corporate promo with branding and animations
725,323,Sports Highlight Reel,Fast-paced sports montage with slow-mo and effects
726,744,Tutorial/Educational Edit,Clear tutorial edit with screen recordings and annotations
727,998,Wedding Highlight Reel,Emotional highlight reel with music and color grade
728,720,Gaming Montage Editing,High energy gaming edits with effects and music sync
729,340,Interview Editing,Professional interview edit with lower thirds and cutaways
730,919,Social Media Ad Edit,Scroll-stopping social media ad with captions and CTA
731,104,Social Media Ad Edit,Scroll-stopping social media ad with captions and CTA
732,827,Wedding Highlight Reel,Emotional highlight reel with music and color grade
733,25,Product Review Edit,Clean product review with graphics and call-to-action
734,816,Sports Highlight Reel,Fast-paced sports montage with slow-mo and effects
735,489,Product Review Edit,Clean product review with graphics and call-to-action
736,890,Short Form Reels Editing,TikTok and Instagram reels with captions and effects
737,298,Music Video Editing,Dynamic music video with beat-synced cuts and effects
738,156,Animation & Motion Graphics,Custom animations and motion graphics for any video
739,81,Podcast Video Editing,Clean podcast editing with audio sync and visuals
740,976,Documentary Editing,Story-driven documentary with interviews and B-roll
741,906,Corporate Promo Video,Polished corporate promo with branding and animations
742,827,Wedding Highlight Reel,Emotional highlight reel with music and color grade
743,788,Music Video Editing,Dynamic music video with beat-synced cuts and effects
744,987,Social Media Ad Edit,Scroll-stopping social media ad with captions and CTA
745,529,Testimonial Video Edit,Authentic testimonial video with branding and subtitles
746,668,Social Media Ad Edit,Scroll-stopping social media ad with captions and CTA
747,953,Event Recap Video,Engaging event recap with highlights and graphics
748,459,Wedding Highlight Reel,Emotional highlight reel with music and color grade
749,348,Real Estate Walkthrough Edit,Smooth walkthrough edit with text overlays and music
750,369,Testimonial Video Edit,Authentic testimonial video with branding and subtitles
751,877,Interview Editing,Professional interview edit with lower thirds and cutaways
752,41,Sports Highlight Reel,Fast-paced sports montage with slow-mo and effects
753,245,Corporate Promo Video,Polished corporate promo with branding and animations
754,626,Testimonial Video Edit,Authentic testimonial video with branding and subtitles
755,77,Wedding Highlight Reel,Emotional highlight reel with music and color grade
756,581,Cinematic Color Grade,Film-grade color correction and grading for any footage
757,100,YouTube Video Editing,"Professional YouTube editing with cuts, transitions, color correction"
758,147,Real Estate Walkthrough Edit,Smooth walkthrough edit with text overlays and music
759,561,Podcast Video Editing,Clean podcast editing with audio sync and visuals
760,511,Gaming Montage Editing,High energy gaming edits with effects and music sync
761,466,Event Recap Video,Engaging event recap with highlights and graphics
762,174,Real Estate Walkthrough Edit,Smooth walkthrough edit with text overlays and music
763,166,Podcast Video Editing,Clean podcast editing with audio sync and visuals
764,287,Product Review Edit,Clean product review with graphics and call-to-action
765,373,Tutorial/Educational Edit,Clear tutorial edit with screen recordings and annotations
766,92,Podcast Video Editing,Clean podcast editing with audio sync and visuals
767,184,Animation & Motion Graphics,Custom animations and motion graphics for any video
768,265,Cinematic Color Grade,Film-grade color correction and grading for any footage
769,263,Animation & Motion Graphics,Custom animations and motion graphics for any video
770,666,Wedding Highlight Reel,Emotional highlight reel with music and color grade
771,963,Gaming Montage Editing,High energy gaming edits with effects and music sync
772,996,Product Review Edit,Clean product review with graphics and call-to-action
773,500,Short Form Reels Editing,TikTok and Instagram reels with captions and effects
774,373,Real Estate Walkthrough Edit,Smooth walkthrough edit with text overlays and music
775,411,Interview Editing,Professional interview edit with lower thirds and cutaways
776,878,Testimonial Video Edit,Authentic testimonial video with branding and subtitles
777,940,Wedding Highlight Reel,Emotional highlight reel with music and color grade
778,452,Tutorial/Educational Edit,Clear tutorial edit with screen recordings and annotations
779,525,Testimonial Video Edit,Authentic testimonial video with branding and subtitles
780,975,Event Recap Video,Engaging event recap with highlights and graphics
781,383,Podcast Video Editing,Clean podcast editing with audio sync and visuals
782,699,Interview Editing,Professional interview edit with lower thirds and cutaways
783,519,Animation & Motion Graphics,Custom animations and motion graphics for any video
784,270,Short Form Reels Editing,TikTok and Instagram reels with captions and effects
785,636,Short Form Reels Editing,TikTok and Instagram reels with captions and effects
786,759,Documentary Editing,Story-driven documentary with interviews and B-roll
787,717,Fitness Transformation Video,Before and after fitness video with energetic music
788,9,Wedding Highlight Reel,Emotional highlight reel with music and color grade
789,874,Gaming Montage Editing,High energy gaming edits with effects and music sync
790,298,Sports Highlight Reel,Fast-paced sports montage with slow-mo and effects
791,163,Product Review Edit,Clean product review with graphics and call-to-action
792,409,Podcast Video Editing,Clean podcast editing with audio sync and visuals
793,229,Sports Highlight Reel,Fast-paced sports montage with slow-mo and effects
794,896,Animation & Motion Graphics,Custom animations and motion graphics for any video
795,686,Podcast Video Editing,Clean podcast editing with audio sync and visuals
796,358,Animation & Motion Graphics,Custom animations and motion graphics for any video
797,480,Fitness Transformation Video,Before and after fitness video with energetic music
798,922,Animation & Motion Graphics,Custom animations and motion graphics for any video
799,112,Podcast Video Editing,Clean podcast editing with audio sync and visuals
800,185,Gaming Montage Editing,High energy gaming edits with effects and music sync
801,940,Sports Highlight Reel,Fast-paced sports montage with slow-mo and effects
802,787,Interview Editing,Professional interview edit with lower thirds and cutaways
803,205,Sports Highlight Reel,Fast-paced sports montage with slow-mo and effects
804,337,Podcast Video Editing,Clean podcast editing with audio sync and visuals
805,325,Event Recap Video,Engaging event recap with highlights and graphics
806,619,Cinematic Color Grade,Film-grade color correction and grading for any footage
807,218,Cinematic Color Grade,Film-grade color correction and grading for any footage
808,118,Travel Vlog Editing,Vibrant travel vlog with cinematic color and transitions
809,466,Short Form Reels Editing,TikTok and Instagram reels with captions and effects
810,559,Wedding Highlight Reel,Emotional highlight reel with music and color grade
811,972,Cinematic Color Grade,Film-grade color correction and grading for any footage
812,150,Corporate Promo Video,Polished corporate promo with branding and animations
813,328,Product Review Edit,Clean product review with graphics and call-to-action
814,33,Testimonial Video Edit,Authentic testimonial video with branding and subtitles
815,793,Sports Highlight Reel,Fast-paced sports montage with slow-mo and effects
816,64,Tutorial/Educational Edit,Clear tutorial edit with screen recordings and annotations
817,809,Interview Editing,Professional interview edit with lower thirds and cutaways
818,485,Corporate Promo Video,Polished corporate promo with branding and animations
819,56,Corporate Promo Video,Polished corporate promo with branding and animations
820,889,YouTube Video Editing,"Professional YouTube editing with cuts, transitions, color correction"
821,976,Interview Editing,Professional interview edit with lower thirds and cutaways
822,277,Travel Vlog Editing,Vibrant travel vlog with cinematic color and transitions
823,651,Music Video Editing,Dynamic music video with beat-synced cuts and effects
824,86,Wedding Highlight Reel,Emotional highlight reel with music and color grade
825,71,Travel Vlog Editing,Vibrant travel vlog with cinematic color and transitions
826,415,Podcast Video Editing,Clean podcast editing with audio sync and visuals
827,306,Animation & Motion Graphics,Custom animations and motion graphics for any video
828,893,Interview Editing,Professional interview edit with lower thirds and cutaways
829,538,Corporate Promo Video,Polished corporate promo with branding and animations
830,686,Travel Vlog Editing,Vibrant travel vlog with cinematic color and transitions
831,189,Short Form Reels Editing,TikTok and Instagram reels with captions and effects
832,95,Interview Editing,Professional interview edit with lower thirds and cutaways
833,351,Real Estate Walkthrough Edit,Smooth walkthrough edit with text overlays and music
834,169,Corporate Promo Video,Polished corporate promo with branding and animations
835,358,Interview Editing,Professional interview edit with lower thirds and cutaways
836,494,Cinematic Color Grade,Film-grade color correction and grading for any footage
837,549,Music Video Editing,Dynamic music video with beat-synced cuts and effects
838,989,Interview Editing,Professional interview edit with lower thirds and cutaways
839,364,Product Review Edit,Clean product review with graphics and call-to-action
840,399,YouTube Video Editing,"Professional YouTube editing with cuts, transitions, color correction"
841,575,Testimonial Video Edit,Authentic testimonial video with branding and subtitles
842,204,Podcast Video Editing,Clean podcast editing with audio sync and visuals
843,741,Product Review Edit,Clean product review with graphics and call-to-action
844,632,Wedding Highlight Reel,Emotional highlight reel with music and color grade
845,332,Event Recap Video,Engaging event recap with highlights and graphics
846,15,Wedding Highlight Reel,Emotional highlight reel with music and color grade
847,919,Animation & Motion Graphics,Custom animations and motion graphics for any video
848,957,Wedding Highlight Reel,Emotional highlight reel with music and color grade
849,512,Event Recap Video,Engaging event recap with highlights and graphics
850,117,Interview Editing,Professional interview edit with lower thirds and cutaways
851,270,Social Media Ad Edit,Scroll-stopping social media ad with captions and CTA
852,740,YouTube Video Editing,"Professional YouTube editing with cuts, transitions, color correction"
853,462,Wedding Highlight Reel,Emotional highlight reel with music and color grade
854,650,Animation & Motion Graphics,Custom animations and motion graphics for any video
855,655,Product Review Edit,Clean product review with graphics and call-to-action
856,100,Short Form Reels Editing,TikTok and Instagram reels with captions and effects
857,224,Corporate Promo Video,Polished corporate promo with branding and animations
858,431,Fitness Transformation Video,Before and after fitness video with energetic music
859,793,Music Video Editing,Dynamic music video with beat-synced cuts and effects
860,616,Sports Highlight Reel,Fast-paced sports montage with slow-mo and effects
861,222,Tutorial/Educational Edit,Clear tutorial edit with screen recordings and annotations
862,215,Corporate Promo Video,Polished corporate promo with branding and animations
863,996,Product Review Edit,Clean product review with graphics and call-to-action
864,979,YouTube Video Editing,"Professional YouTube editing with cuts, transitions, color correction"
865,380,Tutorial/Educational Edit,Clear tutorial edit with screen recordings and annotations
866,17,Real Estate Walkthrough Edit,Smooth walkthrough edit with text overlays and music
867,919,Real Estate Walkthrough Edit,Smooth walkthrough edit with text overlays and music
868,515,Gaming Montage Editing,High energy gaming edits with effects and music sync
869,717,Cinematic Color Grade,Film-grade color correction and grading for any footage
870,665,Animation & Motion Graphics,Custom animations and motion graphics for any video
871,424,Interview Editing,Professional interview edit with lower thirds and cutaways
872,361,Tutorial/Educational Edit,Clear tutorial edit with screen recordings and annotations
873,849,Fitness Transformation Video,Before and after fitness video with energetic music
874,437,Social Media Ad Edit,Scroll-stopping social media ad with captions and CTA
875,998,Event Recap Video,Engaging event recap with highlights and graphics
876,117,Music Video Editing,Dynamic music video with beat-synced cuts and effects
877,470,Interview Editing,Professional interview edit with lower thirds and cutaways
878,383,Music Video Editing,Dynamic music video with beat-synced cuts and effects
879,567,Testimonial Video Edit,Authentic testimonial video with branding and subtitles
880,167,Fitness Transformation Video,Before and after fitness video with energetic music
881,447,Sports Highlight Reel,Fast-paced sports montage with slow-mo and effects
882,292,Interview Editing,Professional interview edit with lower thirds and cutaways
883,650,Real Estate Walkthrough Edit,Smooth walkthrough edit with text overlays and music
884,719,Testimonial Video Edit,Authentic testimonial video with branding and subtitles
885,961,Gaming Montage Editing,High energy gaming edits with effects and music sync
886,90,Gaming Montage Editing,High energy gaming edits with effects and music sync
887,92,YouTube Video Editing,"Professional YouTube editing with cuts, transitions, color correction"
888,632,Interview Editing,Professional interview edit with lower thirds and cutaways
889,107,Cinematic Color Grade,Film-grade color correction and grading for any footage
890,768,Testimonial Video Edit,Authentic testimonial video with branding and subtitles
891,950,Fitness Transformation Video,Before and after fitness video with energetic music
892,103,Animation & Motion Graphics,Custom animations and motion graphics for any video
893,516,Product Review Edit,Clean product review with graphics and call-to-action
894,826,Short Form Reels Editing,TikTok and Instagram reels with captions and effects
895,684,Real Estate Walkthrough Edit,Smooth walkthrough edit with text overlays and music
896,873,Interview Editing,Professional interview edit with lower thirds and cutaways
897,217,Documentary Editing,Story-driven documentary with interviews and B-roll
898,796,Animation & Motion Graphics,Custom animations and motion graphics for any video
899,565,Sports Highlight Reel,Fast-paced sports montage with slow-mo and effects
900,118,Corporate Promo Video,Polished corporate promo with branding and animations
901,877,Cinematic Color Grade,Film-grade color correction and grading for any footage
902,974,Gaming Montage Editing,High energy gaming edits with effects and music sync
903,360,Animation & Motion Graphics,Custom animations and motion graphics for any video
904,423,Sports Highlight Reel,Fast-paced sports montage with slow-mo and effects
905,8,Tutorial/Educational Edit,Clear tutorial edit with screen recordings and annotations
906,801,Documentary Editing,Story-driven documentary with interviews and B-roll
907,520,Real Estate Walkthrough Edit,Smooth walkthrough edit with text overlays and music
908,275,Travel Vlog Editing,Vibrant travel vlog with cinematic color and transitions
909,315,Interview Editing,Professional interview edit with lower thirds and cutaways
910,690,Documentary Editing,Story-driven documentary with interviews and B-roll
911,5,Interview Editing,Professional interview edit with lower thirds and cutaways
912,34,YouTube Video Editing,"Professional YouTube editing with cuts, transitions, color correction"
913,27,Wedding Highlight Reel,Emotional highlight reel with music and color grade
914,810,Tutorial/Educational Edit,Clear tutorial edit with screen recordings and annotations
915,861,Social Media Ad Edit,Scroll-stopping social media ad with captions and CTA
916,840,Testimonial Video Edit,Authentic testimonial video with branding and subtitles
917,326,Event Recap Video,Engaging event recap with highlights and graphics
918,175,Product Review Edit,Clean product review with graphics and call-to-action
919,441,Documentary Editing,Story-driven documentary with interviews and B-roll
920,570,Sports Highlight Reel,Fast-paced sports montage with slow-mo and effects
921,198,Testimonial Video Edit,Authentic testimonial video with branding and subtitles
922,660,Sports Highlight Reel,Fast-paced sports montage with slow-mo and effects
923,849,Short Form Reels Editing,TikTok and Instagram reels with captions and effects
924,821,Product Review Edit,Clean product review with graphics and call-to-action
925,440,Wedding Highlight Reel,Emotional highlight reel with music and color grade
926,962,Sports Highlight Reel,Fast-paced sports montage with slow-mo and effects
927,746,Music Video Editing,Dynamic music video with beat-synced cuts and effects
928,413,Event Recap Video,Engaging event recap with highlights and graphics
929,530,Music Video Editing,Dynamic music video with beat-synced cuts and effects
930,448,Documentary Editing,Story-driven documentary with interviews and B-roll
931,102,Wedding Highlight Reel,Emotional highlight reel with music and color grade
932,517,Gaming Montage Editing,High energy gaming edits with effects and music sync
933,647,Product Review Edit,Clean product review with graphics and call-to-action
934,804,Sports Highlight Reel,Fast-paced sports montage with slow-mo and effects
935,864,Travel Vlog Editing,Vibrant travel vlog with cinematic color and transitions
936,858,Fitness Transformation Video,Before and after fitness video with energetic music
937,163,Event Recap Video,Engaging event recap with highlights and graphics
938,209,Podcast Video Editing,Clean podcast editing with audio sync and visuals
939,96,YouTube Video Editing,"Professional YouTube editing with cuts, transitions, color correction"
940,448,YouTube Video Editing,"Professional YouTube editing with cuts, transitions, color correction"
941,644,Product Review Edit,Clean product review with graphics and call-to-action
942,157,YouTube Video Editing,"Professional YouTube editing with cuts, transitions, color correction"
943,633,Fitness Transformation Video,Before and after fitness video with energetic music
944,943,Podcast Video Editing,Clean podcast editing with audio sync and visuals
945,586,Sports Highlight Reel,Fast-paced sports montage with slow-mo and effects
946,26,Wedding Highlight Reel,Emotional highlight reel with music and color grade
947,465,Tutorial/Educational Edit,Clear tutorial edit with screen recordings and annotations
948,192,Documentary Editing,Story-driven documentary with interviews and B-roll
949,669,Documentary Editing,Story-driven documentary with interviews and B-roll
950,305,Corporate Promo Video,Polished corporate promo with branding and animations
951,549,Documentary Editing,Story-driven documentary with interviews and B-roll
952,744,Sports Highlight Reel,Fast-paced sports montage with slow-mo and effects
953,789,Travel Vlog Editing,Vibrant travel vlog with cinematic color and transitions
954,676,Short Form Reels Editing,TikTok and Instagram reels with captions and effects
955,282,Podcast Video Editing,Clean podcast editing with audio sync and visuals
956,958,Wedding Highlight Reel,Emotional highlight reel with music and color grade
957,643,YouTube Video Editing,"Professional YouTube editing with cuts, transitions, color correction"
958,654,Product Review Edit,Clean product review with graphics and call-to-action
959,888,Gaming Montage Editing,High energy gaming edits with effects and music sync
960,114,Animation & Motion Graphics,Custom animations and motion graphics for any video
961,950,Testimonial Video Edit,Authentic testimonial video with branding and subtitles
962,126,Gaming Montage Editing,High energy gaming edits with effects and music sync
963,146,Real Estate Walkthrough Edit,Smooth walkthrough edit with text overlays and music
964,269,Music Video Editing,Dynamic music video with beat-synced cuts and effects
965,96,Podcast Video Editing,Clean podcast editing with audio sync and visuals
966,507,Tutorial/Educational Edit,Clear tutorial edit with screen recordings and annotations
967,935,Corporate Promo Video,Polished corporate promo with branding and animations
968,401,Gaming Montage Editing,High energy gaming edits with effects and music sync
969,503,YouTube Video Editing,"Professional YouTube editing with cuts, transitions, color correction"
970,424,Podcast Video Editing,Clean podcast editing with audio sync and visuals
971,499,Podcast Video Editing,Clean podcast editing with audio sync and visuals
972,216,Interview Editing,Professional interview edit with lower thirds and cutaways
973,385,Event Recap Video,Engaging event recap with highlights and graphics
974,649,Animation & Motion Graphics,Custom animations and motion graphics for any video
975,828,Music Video Editing,Dynamic music video with beat-synced cuts and effects
976,185,Real Estate Walkthrough Edit,Smooth walkthrough edit with text overlays and music
977,11,Music Video Editing,Dynamic music video with beat-synced cuts and effects
978,676,Product Review Edit,Clean product review with graphics and call-to-action
979,647,Testimonial Video Edit,Authentic testimonial video with branding and subtitles
980,876,Short Form Reels Editing,TikTok and Instagram reels with captions and effects
981,121,Event Recap Video,Engaging event recap with highlights and graphics
982,356,Cinematic Color Grade,Film-grade color correction and grading for any footage
983,629,Testimonial Video Edit,Authentic testimonial video with branding and subtitles
984,560,YouTube Video Editing,"Professional YouTube editing with cuts, transitions, color correction"
985,163,Social Media Ad Edit,Scroll-stopping social media ad with captions and CTA
986,760,Travel Vlog Editing,Vibrant travel vlog with cinematic color and transitions
987,949,Gaming Montage Editing,High energy gaming edits with effects and music sync
988,198,Testimonial Video Edit,Authentic testimonial video with branding and subtitles
989,31,Fitness Transformation Video,Before and after fitness video with energetic music
990,24,Social Media Ad Edit,Scroll-stopping social media ad with captions and CTA
991,525,Wedding Highlight Reel,Emotional highlight reel with music and color grade
992,222,Tutorial/Educational Edit,Clear tutorial edit with screen recordings and annotations
993,118,Corporate Promo Video,Polished corporate promo with branding and animations
994,31,Event Recap Video,Engaging event recap with highlights and graphics
995,142,Documentary Editing,Story-driven documentary with interviews and B-roll
996,86,Wedding Highlight Reel,Emotional highlight reel with music and color grade
997,275,Travel Vlog Editing,Vibrant travel vlog with cinematic color and transitions
998,494,Corporate Promo Video,Polished corporate promo with branding and animations
999,977,Podcast Video Editing,Clean podcast editing with audio sync and visuals
1000,357,Fitness Transformation Video,Before and after fitness video with energetic music
